PatientID,SeriesInstanceUID,Modality,StudyInstanceUID,n_files,dir
STS_001,1.3.6.1.4.1.14519.5.2.1.5168.1900.236909650266075940866375712555,MR,1.3.6.1.4.1.14519.5.2.1.5168.1900.288970202012734437880691548623,40,C:\sts_data\soft_tissue_sarcoma\soft_tissue_sarcoma\STS_001\1.3.6.1.4.1.14519.5.2.1.5168.1900.288970202012734437880691548623\MR_1.3.6.1.4.1.14519.5.2.1.5168.1900.236909650266075940866375712555
STS_001,1.3.6.1.4.1.14519.5.2.1.5168.1900.267475167888884755506702762438,MR,1.3.6.1.4.1.14519.5.2.1.5168.1900.288970202012734437880691548623,40,C:\sts_data\soft_tissue_sarcoma\soft_tissue_sarcoma\STS_001\1.3.6.1.4.1.14519.5.2.1.5168.1900.288970202012734437880691548623\MR_1.3.6.1.4.1.14519.5.2.1.5168.1900.267475167888884755506702762438
STS_001,1.3.6.1.4.1.14519.5.2.1.5168.1900.169505605471360697610771464320,RTSTRUCT,1.3.6.1.4.1.14519.5.2.1.5168.1900.288970202012734437880691548623,1,C:\sts_data\soft_tissue_sarcoma\soft_tissue_sarcoma\STS_001\1.3.6.1.4.1.14519.5.2.1.5168.1900.288970202012734437880691548623\RTSTRUCT_1.3.6.1.4.1.14519.5.2.1.5168.1900.169505605471360697610771464320
STS_001,1.3.6.1.4.1.14519.5.2.1.5168.1900.269249420684552688815162539874,RTSTRUCT,1.3.6.1.4.1.14519.5.2.1.5168.1900.288970202012734437880691548623,1,C:\sts_data\soft_tissue_sarcoma\soft_tissue_sarcoma\STS_001\1.3.6.1.4.1.14519.5.2.1.5168.1900.288970202012734437880691548623\RTSTRUCT_1.3.6.1.4.1.14519.5.2.1.5168.1900.269249420684552688815162539874
STS_001,1.3.6.1.4.1.14519.5.2.1.5168.1900.293609116849698550139986038601,CT,1.3.6.1.4.1.14519.5.2.1.5168.1900.980314374925518526455629963929,267,C:\sts_data\soft_tissue_sarcoma\soft_tissue_sarcoma\STS_001\1.3.6.1.4.1.14519.5.2.1.5168.1900.980314374925518526455629963929\CT_1.3.6.1.4.1.14519.5.2.1.5168.1900.293609116849698550139986038601
STS_001,1.3.6.1.4.1.14519.5.2.1.5168.1900.232182644086451239142307988600,MR,1.3.6.1.4.1.14519.5.2.1.5168.1900.980314374925518526455629963929,61,C:\sts_data\soft_tissue_sarcoma\soft_tissue_sarcoma\STS_001\1.3.6.1.4.1.14519.5.2.1.5168.1900.980314374925518526455629963929\MR_1.3.6.1.4.1.14519.5.2.1.5168.1900.232182644086451239142307988600
STS_001,1.3.6.1.4.1.14519.5.2.1.5168.1900.337751267676171606047504706608,MR,1.3.6.1.4.1.14519.5.2.1.5168.1900.980314374925518526455629963929,60,C:\sts_data\soft_tissue_sarcoma\soft_tissue_sarcoma\STS_001\1.3.6.1.4.1.14519.5.2.1.5168.1900.980314374925518526455629963929\MR_1.3.6.1.4.1.14519.5.2.1.5168.1900.337751267676171606047504706608
STS_001,1.3.6.1.4.1.14519.5.2.1.5168.1900.279539551699081894888330051583,PT,1.3.6.1.4.1.14519.5.2.1.5168.1900.980314374925518526455629963929,267,C:\sts_data\soft_tissue_sarcoma\soft_tissue_sarcoma\STS_001\1.3.6.1.4.1.14519.5.2.1.5168.1900.980314374925518526455629963929\PT_1.3.6.1.4.1.14519.5.2.1.5168.1900.279539551699081894888330051583
STS_001,1.3.6.1.4.1.14519.5.2.1.5168.1900.147597676388012046340025692485,RTSTRUCT,1.3.6.1.4.1.14519.5.2.1.5168.1900.980314374925518526455629963929,1,C:\sts_data\soft_tissue_sarcoma\soft_tissue_sarcoma\STS_001\1.3.6.1.4.1.14519.5.2.1.5168.1900.980314374925518526455629963929\RTSTRUCT_1.3.6.1.4.1.14519.5.2.1.5168.1900.147597676388012046340025692485
STS_001,1.3.6.1.4.1.14519.5.2.1.5168.1900.182565104594042076416809036652,RTSTRUCT,1.3.6.1.4.1.14519.5.2.1.5168.1900.980314374925518526455629963929,1,C:\sts_data\soft_tissue_sarcoma\soft_tissue_sarcoma\STS_001\1.3.6.1.4.1.14519.5.2.1.5168.1900.980314374925518526455629963929\RTSTRUCT_1.3.6.1.4.1.14519.5.2.1.5168.1900.182565104594042076416809036652
STS_001,1.3.6.1.4.1.14519.5.2.1.5168.1900.262680089418667859560984717357,RTSTRUCT,1.3.6.1.4.1.14519.5.2.1.5168.1900.980314374925518526455629963929,1,C:\sts_data\soft_tissue_sarcoma\soft_tissue_sarcoma\STS_001\1.3.6.1.4.1.14519.5.2.1.5168.1900.980314374925518526455629963929\RTSTRUCT_1.3.6.1.4.1.14519.5.2.1.5168.1900.262680089418667859560984717357
STS_001,1.3.6.1.4.1.14519.5.2.1.5168.1900.294304652189082068687304577278,RTSTRUCT,1.3.6.1.4.1.14519.5.2.1.5168.1900.980314374925518526455629963929,1,C:\sts_data\soft_tissue_sarcoma\soft_tissue_sarcoma\STS_001\1.3.6.1.4.1.14519.5.2.1.5168.1900.980314374925518526455629963929\RTSTRUCT_1.3.6.1.4.1.14519.5.2.1.5168.1900.294304652189082068687304577278
STS_002,1.3.6.1.4.1.14519.5.2.1.5168.1900.213265084688298564549535817201,CT,1.3.6.1.4.1.14519.5.2.1.5168.1900.190311276211389538203367070477,267,C:\sts_data\soft_tissue_sarcoma\soft_tissue_sarcoma\STS_002\1.3.6.1.4.1.14519.5.2.1.5168.1900.190311276211389538203367070477\CT_1.3.6.1.4.1.14519.5.2.1.5168.1900.213265084688298564549535817201
STS_002,1.3.6.1.4.1.14519.5.2.1.5168.1900.156771705613310028437152915491,MR,1.3.6.1.4.1.14519.5.2.1.5168.1900.190311276211389538203367070477,35,C:\sts_data\soft_tissue_sarcoma\soft_tissue_sarcoma\STS_002\1.3.6.1.4.1.14519.5.2.1.5168.1900.190311276211389538203367070477\MR_1.3.6.1.4.1.14519.5.2.1.5168.1900.156771705613310028437152915491
STS_002,1.3.6.1.4.1.14519.5.2.1.5168.1900.216183144392140143004858957980,MR,1.3.6.1.4.1.14519.5.2.1.5168.1900.190311276211389538203367070477,36,C:\sts_data\soft_tissue_sarcoma\soft_tissue_sarcoma\STS_002\1.3.6.1.4.1.14519.5.2.1.5168.1900.190311276211389538203367070477\MR_1.3.6.1.4.1.14519.5.2.1.5168.1900.216183144392140143004858957980
STS_002,1.3.6.1.4.1.14519.5.2.1.5168.1900.220676912721108383358427239469,PT,1.3.6.1.4.1.14519.5.2.1.5168.1900.190311276211389538203367070477,267,C:\sts_data\soft_tissue_sarcoma\soft_tissue_sarcoma\STS_002\1.3.6.1.4.1.14519.5.2.1.5168.1900.190311276211389538203367070477\PT_1.3.6.1.4.1.14519.5.2.1.5168.1900.220676912721108383358427239469
STS_002,1.3.6.1.4.1.14519.5.2.1.5168.1900.165996795958780499071576090061,RTSTRUCT,1.3.6.1.4.1.14519.5.2.1.5168.1900.190311276211389538203367070477,1,C:\sts_data\soft_tissue_sarcoma\soft_tissue_sarcoma\STS_002\1.3.6.1.4.1.14519.5.2.1.5168.1900.190311276211389538203367070477\RTSTRUCT_1.3.6.1.4.1.14519.5.2.1.5168.1900.165996795958780499071576090061
STS_002,1.3.6.1.4.1.14519.5.2.1.5168.1900.177014581139785168102214245746,RTSTRUCT,1.3.6.1.4.1.14519.5.2.1.5168.1900.190311276211389538203367070477,1,C:\sts_data\soft_tissue_sarcoma\soft_tissue_sarcoma\STS_002\1.3.6.1.4.1.14519.5.2.1.5168.1900.190311276211389538203367070477\RTSTRUCT_1.3.6.1.4.1.14519.5.2.1.5168.1900.177014581139785168102214245746
STS_002,1.3.6.1.4.1.14519.5.2.1.5168.1900.281812008672458328749673005585,RTSTRUCT,1.3.6.1.4.1.14519.5.2.1.5168.1900.190311276211389538203367070477,1,C:\sts_data\soft_tissue_sarcoma\soft_tissue_sarcoma\STS_002\1.3.6.1.4.1.14519.5.2.1.5168.1900.190311276211389538203367070477\RTSTRUCT_1.3.6.1.4.1.14519.5.2.1.5168.1900.281812008672458328749673005585
STS_002,1.3.6.1.4.1.14519.5.2.1.5168.1900.918312778858582899808698188472,RTSTRUCT,1.3.6.1.4.1.14519.5.2.1.5168.1900.190311276211389538203367070477,1,C:\sts_data\soft_tissue_sarcoma\soft_tissue_sarcoma\STS_002\1.3.6.1.4.1.14519.5.2.1.5168.1900.190311276211389538203367070477\RTSTRUCT_1.3.6.1.4.1.14519.5.2.1.5168.1900.918312778858582899808698188472
STS_002,1.3.6.1.4.1.14519.5.2.1.5168.1900.103003228939916338240851002298,MR,1.3.6.1.4.1.14519.5.2.1.5168.1900.301696644941433568620601756934,27,C:\sts_data\soft_tissue_sarcoma\soft_tissue_sarcoma\STS_002\1.3.6.1.4.1.14519.5.2.1.5168.1900.301696644941433568620601756934\MR_1.3.6.1.4.1.14519.5.2.1.5168.1900.103003228939916338240851002298
STS_002,1.3.6.1.4.1.14519.5.2.1.5168.1900.377821780061574889859645910990,MR,1.3.6.1.4.1.14519.5.2.1.5168.1900.301696644941433568620601756934,18,C:\sts_data\soft_tissue_sarcoma\soft_tissue_sarcoma\STS_002\1.3.6.1.4.1.14519.5.2.1.5168.1900.301696644941433568620601756934\MR_1.3.6.1.4.1.14519.5.2.1.5168.1900.377821780061574889859645910990
STS_002,1.3.6.1.4.1.14519.5.2.1.5168.1900.206459550194676630132223745147,RTSTRUCT,1.3.6.1.4.1.14519.5.2.1.5168.1900.301696644941433568620601756934,1,C:\sts_data\soft_tissue_sarcoma\soft_tissue_sarcoma\STS_002\1.3.6.1.4.1.14519.5.2.1.5168.1900.301696644941433568620601756934\RTSTRUCT_1.3.6.1.4.1.14519.5.2.1.5168.1900.206459550194676630132223745147
STS_002,1.3.6.1.4.1.14519.5.2.1.5168.1900.337975716601136724657907147584,RTSTRUCT,1.3.6.1.4.1.14519.5.2.1.5168.1900.301696644941433568620601756934,1,C:\sts_data\soft_tissue_sarcoma\soft_tissue_sarcoma\STS_002\1.3.6.1.4.1.14519.5.2.1.5168.1900.301696644941433568620601756934\RTSTRUCT_1.3.6.1.4.1.14519.5.2.1.5168.1900.337975716601136724657907147584
STS_003,1.3.6.1.4.1.14519.5.2.1.5168.1900.326006423108798456153429940233,CT,1.3.6.1.4.1.14519.5.2.1.5168.1900.117905762169211414862001680366,267,C:\sts_data\soft_tissue_sarcoma\soft_tissue_sarcoma\STS_003\1.3.6.1.4.1.14519.5.2.1.5168.1900.117905762169211414862001680366\CT_1.3.6.1.4.1.14519.5.2.1.5168.1900.326006423108798456153429940233
STS_003,1.3.6.1.4.1.14519.5.2.1.5168.1900.288436959947715485992336486335,MR,1.3.6.1.4.1.14519.5.2.1.5168.1900.117905762169211414862001680366,49,C:\sts_data\soft_tissue_sarcoma\soft_tissue_sarcoma\STS_003\1.3.6.1.4.1.14519.5.2.1.5168.1900.117905762169211414862001680366\MR_1.3.6.1.4.1.14519.5.2.1.5168.1900.288436959947715485992336486335
STS_003,1.3.6.1.4.1.14519.5.2.1.5168.1900.298779983321532662441455885843,MR,1.3.6.1.4.1.14519.5.2.1.5168.1900.117905762169211414862001680366,47,C:\sts_data\soft_tissue_sarcoma\soft_tissue_sarcoma\STS_003\1.3.6.1.4.1.14519.5.2.1.5168.1900.117905762169211414862001680366\MR_1.3.6.1.4.1.14519.5.2.1.5168.1900.298779983321532662441455885843
STS_003,1.3.6.1.4.1.14519.5.2.1.5168.1900.260219333088105788083554721109,PT,1.3.6.1.4.1.14519.5.2.1.5168.1900.117905762169211414862001680366,267,C:\sts_data\soft_tissue_sarcoma\soft_tissue_sarcoma\STS_003\1.3.6.1.4.1.14519.5.2.1.5168.1900.117905762169211414862001680366\PT_1.3.6.1.4.1.14519.5.2.1.5168.1900.260219333088105788083554721109
STS_003,1.3.6.1.4.1.14519.5.2.1.5168.1900.109387874505617634242179999924,RTSTRUCT,1.3.6.1.4.1.14519.5.2.1.5168.1900.117905762169211414862001680366,1,C:\sts_data\soft_tissue_sarcoma\soft_tissue_sarcoma\STS_003\1.3.6.1.4.1.14519.5.2.1.5168.1900.117905762169211414862001680366\RTSTRUCT_1.3.6.1.4.1.14519.5.2.1.5168.1900.109387874505617634242179999924
STS_003,1.3.6.1.4.1.14519.5.2.1.5168.1900.132694432033444451875139614916,RTSTRUCT,1.3.6.1.4.1.14519.5.2.1.5168.1900.117905762169211414862001680366,1,C:\sts_data\soft_tissue_sarcoma\soft_tissue_sarcoma\STS_003\1.3.6.1.4.1.14519.5.2.1.5168.1900.117905762169211414862001680366\RTSTRUCT_1.3.6.1.4.1.14519.5.2.1.5168.1900.132694432033444451875139614916
STS_003,1.3.6.1.4.1.14519.5.2.1.5168.1900.215461889521478621851470291403,RTSTRUCT,1.3.6.1.4.1.14519.5.2.1.5168.1900.117905762169211414862001680366,1,C:\sts_data\soft_tissue_sarcoma\soft_tissue_sarcoma\STS_003\1.3.6.1.4.1.14519.5.2.1.5168.1900.117905762169211414862001680366\RTSTRUCT_1.3.6.1.4.1.14519.5.2.1.5168.1900.215461889521478621851470291403
STS_003,1.3.6.1.4.1.14519.5.2.1.5168.1900.421213132681086562741329090921,RTSTRUCT,1.3.6.1.4.1.14519.5.2.1.5168.1900.117905762169211414862001680366,1,C:\sts_data\soft_tissue_sarcoma\soft_tissue_sarcoma\STS_003\1.3.6.1.4.1.14519.5.2.1.5168.1900.117905762169211414862001680366\RTSTRUCT_1.3.6.1.4.1.14519.5.2.1.5168.1900.421213132681086562741329090921
STS_003,1.3.6.1.4.1.14519.5.2.1.5168.1900.277829078269028900225116773168,MR,1.3.6.1.4.1.14519.5.2.1.5168.1900.141476737507060313690611915534,36,C:\sts_data\soft_tissue_sarcoma\soft_tissue_sarcoma\STS_003\1.3.6.1.4.1.14519.5.2.1.5168.1900.141476737507060313690611915534\MR_1.3.6.1.4.1.14519.5.2.1.5168.1900.277829078269028900225116773168
STS_003,1.3.6.1.4.1.14519.5.2.1.5168.1900.900154069973480789614361551267,MR,1.3.6.1.4.1.14519.5.2.1.5168.1900.141476737507060313690611915534,36,C:\sts_data\soft_tissue_sarcoma\soft_tissue_sarcoma\STS_003\1.3.6.1.4.1.14519.5.2.1.5168.1900.141476737507060313690611915534\MR_1.3.6.1.4.1.14519.5.2.1.5168.1900.900154069973480789614361551267
STS_003,1.3.6.1.4.1.14519.5.2.1.5168.1900.200331945037361660113060575059,RTSTRUCT,1.3.6.1.4.1.14519.5.2.1.5168.1900.141476737507060313690611915534,1,C:\sts_data\soft_tissue_sarcoma\soft_tissue_sarcoma\STS_003\1.3.6.1.4.1.14519.5.2.1.5168.1900.141476737507060313690611915534\RTSTRUCT_1.3.6.1.4.1.14519.5.2.1.5168.1900.200331945037361660113060575059
STS_003,1.3.6.1.4.1.14519.5.2.1.5168.1900.505375756592673768405390753459,RTSTRUCT,1.3.6.1.4.1.14519.5.2.1.5168.1900.141476737507060313690611915534,1,C:\sts_data\soft_tissue_sarcoma\soft_tissue_sarcoma\STS_003\1.3.6.1.4.1.14519.5.2.1.5168.1900.141476737507060313690611915534\RTSTRUCT_1.3.6.1.4.1.14519.5.2.1.5168.1900.505375756592673768405390753459
STS_004,1.3.6.1.4.1.14519.5.2.1.5168.1900.952127023780097934747932279670,CT,1.3.6.1.4.1.14519.5.2.1.5168.1900.124239320067253523699285035604,311,C:\sts_data\soft_tissue_sarcoma\soft_tissue_sarcoma\STS_004\1.3.6.1.4.1.14519.5.2.1.5168.1900.124239320067253523699285035604\CT_1.3.6.1.4.1.14519.5.2.1.5168.1900.952127023780097934747932279670
STS_004,1.3.6.1.4.1.14519.5.2.1.5168.1900.446394590127873514261111301561,MR,1.3.6.1.4.1.14519.5.2.1.5168.1900.124239320067253523699285035604,60,C:\sts_data\soft_tissue_sarcoma\soft_tissue_sarcoma\STS_004\1.3.6.1.4.1.14519.5.2.1.5168.1900.124239320067253523699285035604\MR_1.3.6.1.4.1.14519.5.2.1.5168.1900.446394590127873514261111301561
STS_004,1.3.6.1.4.1.14519.5.2.1.5168.1900.863510977983636348877076410198,MR,1.3.6.1.4.1.14519.5.2.1.5168.1900.124239320067253523699285035604,59,C:\sts_data\soft_tissue_sarcoma\soft_tissue_sarcoma\STS_004\1.3.6.1.4.1.14519.5.2.1.5168.1900.124239320067253523699285035604\MR_1.3.6.1.4.1.14519.5.2.1.5168.1900.863510977983636348877076410198
STS_004,1.3.6.1.4.1.14519.5.2.1.5168.1900.232998923050211076724231654195,PT,1.3.6.1.4.1.14519.5.2.1.5168.1900.124239320067253523699285035604,311,C:\sts_data\soft_tissue_sarcoma\soft_tissue_sarcoma\STS_004\1.3.6.1.4.1.14519.5.2.1.5168.1900.124239320067253523699285035604\PT_1.3.6.1.4.1.14519.5.2.1.5168.1900.232998923050211076724231654195
STS_004,1.3.6.1.4.1.14519.5.2.1.5168.1900.141477189220548895939508529366,RTSTRUCT,1.3.6.1.4.1.14519.5.2.1.5168.1900.124239320067253523699285035604,1,C:\sts_data\soft_tissue_sarcoma\soft_tissue_sarcoma\STS_004\1.3.6.1.4.1.14519.5.2.1.5168.1900.124239320067253523699285035604\RTSTRUCT_1.3.6.1.4.1.14519.5.2.1.5168.1900.141477189220548895939508529366
STS_004,1.3.6.1.4.1.14519.5.2.1.5168.1900.256655932023228901897261312873,RTSTRUCT,1.3.6.1.4.1.14519.5.2.1.5168.1900.124239320067253523699285035604,1,C:\sts_data\soft_tissue_sarcoma\soft_tissue_sarcoma\STS_004\1.3.6.1.4.1.14519.5.2.1.5168.1900.124239320067253523699285035604\RTSTRUCT_1.3.6.1.4.1.14519.5.2.1.5168.1900.256655932023228901897261312873
STS_004,1.3.6.1.4.1.14519.5.2.1.5168.1900.517310459884964210005132627241,RTSTRUCT,1.3.6.1.4.1.14519.5.2.1.5168.1900.124239320067253523699285035604,1,C:\sts_data\soft_tissue_sarcoma\soft_tissue_sarcoma\STS_004\1.3.6.1.4.1.14519.5.2.1.5168.1900.124239320067253523699285035604\RTSTRUCT_1.3.6.1.4.1.14519.5.2.1.5168.1900.517310459884964210005132627241
STS_004,1.3.6.1.4.1.14519.5.2.1.5168.1900.764765661664894943515955274405,RTSTRUCT,1.3.6.1.4.1.14519.5.2.1.5168.1900.124239320067253523699285035604,1,C:\sts_data\soft_tissue_sarcoma\soft_tissue_sarcoma\STS_004\1.3.6.1.4.1.14519.5.2.1.5168.1900.124239320067253523699285035604\RTSTRUCT_1.3.6.1.4.1.14519.5.2.1.5168.1900.764765661664894943515955274405
STS_004,1.3.6.1.4.1.14519.5.2.1.5168.1900.158058499129332081416493320620,MR,1.3.6.1.4.1.14519.5.2.1.5168.1900.168034891325548080783187181525,30,C:\sts_data\soft_tissue_sarcoma\soft_tissue_sarcoma\STS_004\1.3.6.1.4.1.14519.5.2.1.5168.1900.168034891325548080783187181525\MR_1.3.6.1.4.1.14519.5.2.1.5168.1900.158058499129332081416493320620
STS_004,1.3.6.1.4.1.14519.5.2.1.5168.1900.217540115582653086213674986077,MR,1.3.6.1.4.1.14519.5.2.1.5168.1900.168034891325548080783187181525,30,C:\sts_data\soft_tissue_sarcoma\soft_tissue_sarcoma\STS_004\1.3.6.1.4.1.14519.5.2.1.5168.1900.168034891325548080783187181525\MR_1.3.6.1.4.1.14519.5.2.1.5168.1900.217540115582653086213674986077
STS_004,1.3.6.1.4.1.14519.5.2.1.5168.1900.109159572304001320439773459072,RTSTRUCT,1.3.6.1.4.1.14519.5.2.1.5168.1900.168034891325548080783187181525,1,C:\sts_data\soft_tissue_sarcoma\soft_tissue_sarcoma\STS_004\1.3.6.1.4.1.14519.5.2.1.5168.1900.168034891325548080783187181525\RTSTRUCT_1.3.6.1.4.1.14519.5.2.1.5168.1900.109159572304001320439773459072
STS_004,1.3.6.1.4.1.14519.5.2.1.5168.1900.336911320247021072258762169730,RTSTRUCT,1.3.6.1.4.1.14519.5.2.1.5168.1900.168034891325548080783187181525,1,C:\sts_data\soft_tissue_sarcoma\soft_tissue_sarcoma\STS_004\1.3.6.1.4.1.14519.5.2.1.5168.1900.168034891325548080783187181525\RTSTRUCT_1.3.6.1.4.1.14519.5.2.1.5168.1900.336911320247021072258762169730
STS_005,1.3.6.1.4.1.14519.5.2.1.5168.1900.111743821765670568300320340756,MR,1.3.6.1.4.1.14519.5.2.1.5168.1900.224608962105781194201479494418,33,C:\sts_data\soft_tissue_sarcoma\soft_tissue_sarcoma\STS_005\1.3.6.1.4.1.14519.5.2.1.5168.1900.224608962105781194201479494418\MR_1.3.6.1.4.1.14519.5.2.1.5168.1900.111743821765670568300320340756
STS_005,1.3.6.1.4.1.14519.5.2.1.5168.1900.144488481585450606135009119508,MR,1.3.6.1.4.1.14519.5.2.1.5168.1900.224608962105781194201479494418,33,C:\sts_data\soft_tissue_sarcoma\soft_tissue_sarcoma\STS_005\1.3.6.1.4.1.14519.5.2.1.5168.1900.224608962105781194201479494418\MR_1.3.6.1.4.1.14519.5.2.1.5168.1900.144488481585450606135009119508
STS_005,1.3.6.1.4.1.14519.5.2.1.5168.1900.217450819413661411784269877424,RTSTRUCT,1.3.6.1.4.1.14519.5.2.1.5168.1900.224608962105781194201479494418,1,C:\sts_data\soft_tissue_sarcoma\soft_tissue_sarcoma\STS_005\1.3.6.1.4.1.14519.5.2.1.5168.1900.224608962105781194201479494418\RTSTRUCT_1.3.6.1.4.1.14519.5.2.1.5168.1900.217450819413661411784269877424
STS_005,1.3.6.1.4.1.14519.5.2.1.5168.1900.687456630183409419762281149163,RTSTRUCT,1.3.6.1.4.1.14519.5.2.1.5168.1900.224608962105781194201479494418,1,C:\sts_data\soft_tissue_sarcoma\soft_tissue_sarcoma\STS_005\1.3.6.1.4.1.14519.5.2.1.5168.1900.224608962105781194201479494418\RTSTRUCT_1.3.6.1.4.1.14519.5.2.1.5168.1900.687456630183409419762281149163
STS_005,1.3.6.1.4.1.14519.5.2.1.5168.1900.379274847602196071565482395253,CT,1.3.6.1.4.1.14519.5.2.1.5168.1900.259520120774497994844579066293,267,C:\sts_data\soft_tissue_sarcoma\soft_tissue_sarcoma\STS_005\1.3.6.1.4.1.14519.5.2.1.5168.1900.259520120774497994844579066293\CT_1.3.6.1.4.1.14519.5.2.1.5168.1900.379274847602196071565482395253
STS_005,1.3.6.1.4.1.14519.5.2.1.5168.1900.304918258000859950455222362387,MR,1.3.6.1.4.1.14519.5.2.1.5168.1900.259520120774497994844579066293,87,C:\sts_data\soft_tissue_sarcoma\soft_tissue_sarcoma\STS_005\1.3.6.1.4.1.14519.5.2.1.5168.1900.259520120774497994844579066293\MR_1.3.6.1.4.1.14519.5.2.1.5168.1900.304918258000859950455222362387
STS_005,1.3.6.1.4.1.14519.5.2.1.5168.1900.308784784152451259100701859682,MR,1.3.6.1.4.1.14519.5.2.1.5168.1900.259520120774497994844579066293,86,C:\sts_data\soft_tissue_sarcoma\soft_tissue_sarcoma\STS_005\1.3.6.1.4.1.14519.5.2.1.5168.1900.259520120774497994844579066293\MR_1.3.6.1.4.1.14519.5.2.1.5168.1900.308784784152451259100701859682
STS_005,1.3.6.1.4.1.14519.5.2.1.5168.1900.924189791316990444955278117416,PT,1.3.6.1.4.1.14519.5.2.1.5168.1900.259520120774497994844579066293,267,C:\sts_data\soft_tissue_sarcoma\soft_tissue_sarcoma\STS_005\1.3.6.1.4.1.14519.5.2.1.5168.1900.259520120774497994844579066293\PT_1.3.6.1.4.1.14519.5.2.1.5168.1900.924189791316990444955278117416
STS_005,1.3.6.1.4.1.14519.5.2.1.5168.1900.136181951514035588122439734493,RTSTRUCT,1.3.6.1.4.1.14519.5.2.1.5168.1900.259520120774497994844579066293,1,C:\sts_data\soft_tissue_sarcoma\soft_tissue_sarcoma\STS_005\1.3.6.1.4.1.14519.5.2.1.5168.1900.259520120774497994844579066293\RTSTRUCT_1.3.6.1.4.1.14519.5.2.1.5168.1900.136181951514035588122439734493
STS_005,1.3.6.1.4.1.14519.5.2.1.5168.1900.143407383388977803427191634616,RTSTRUCT,1.3.6.1.4.1.14519.5.2.1.5168.1900.259520120774497994844579066293,1,C:\sts_data\soft_tissue_sarcoma\soft_tissue_sarcoma\STS_005\1.3.6.1.4.1.14519.5.2.1.5168.1900.259520120774497994844579066293\RTSTRUCT_1.3.6.1.4.1.14519.5.2.1.5168.1900.143407383388977803427191634616
STS_005,1.3.6.1.4.1.14519.5.2.1.5168.1900.152456596744918670635051422436,RTSTRUCT,1.3.6.1.4.1.14519.5.2.1.5168.1900.259520120774497994844579066293,1,C:\sts_data\soft_tissue_sarcoma\soft_tissue_sarcoma\STS_005\1.3.6.1.4.1.14519.5.2.1.5168.1900.259520120774497994844579066293\RTSTRUCT_1.3.6.1.4.1.14519.5.2.1.5168.1900.152456596744918670635051422436
STS_005,1.3.6.1.4.1.14519.5.2.1.5168.1900.276622848279018035117191120034,RTSTRUCT,1.3.6.1.4.1.14519.5.2.1.5168.1900.259520120774497994844579066293,1,C:\sts_data\soft_tissue_sarcoma\soft_tissue_sarcoma\STS_005\1.3.6.1.4.1.14519.5.2.1.5168.1900.259520120774497994844579066293\RTSTRUCT_1.3.6.1.4.1.14519.5.2.1.5168.1900.276622848279018035117191120034
STS_006,1.3.6.1.4.1.14519.5.2.1.5168.1900.849567849855022085102637138725,CT,1.3.6.1.4.1.14519.5.2.1.5168.1900.110557117733100438532414397359,267,C:\sts_data\soft_tissue_sarcoma\soft_tissue_sarcoma\STS_006\1.3.6.1.4.1.14519.5.2.1.5168.1900.110557117733100438532414397359\CT_1.3.6.1.4.1.14519.5.2.1.5168.1900.849567849855022085102637138725
STS_006,1.3.6.1.4.1.14519.5.2.1.5168.1900.185791081324093150710645141965,MR,1.3.6.1.4.1.14519.5.2.1.5168.1900.110557117733100438532414397359,85,C:\sts_data\soft_tissue_sarcoma\soft_tissue_sarcoma\STS_006\1.3.6.1.4.1.14519.5.2.1.5168.1900.110557117733100438532414397359\MR_1.3.6.1.4.1.14519.5.2.1.5168.1900.185791081324093150710645141965
STS_006,1.3.6.1.4.1.14519.5.2.1.5168.1900.274600584531466860172160512540,MR,1.3.6.1.4.1.14519.5.2.1.5168.1900.110557117733100438532414397359,86,C:\sts_data\soft_tissue_sarcoma\soft_tissue_sarcoma\STS_006\1.3.6.1.4.1.14519.5.2.1.5168.1900.110557117733100438532414397359\MR_1.3.6.1.4.1.14519.5.2.1.5168.1900.274600584531466860172160512540
STS_006,1.3.6.1.4.1.14519.5.2.1.5168.1900.308458551160286171092952369931,PT,1.3.6.1.4.1.14519.5.2.1.5168.1900.110557117733100438532414397359,267,C:\sts_data\soft_tissue_sarcoma\soft_tissue_sarcoma\STS_006\1.3.6.1.4.1.14519.5.2.1.5168.1900.110557117733100438532414397359\PT_1.3.6.1.4.1.14519.5.2.1.5168.1900.308458551160286171092952369931
STS_006,1.3.6.1.4.1.14519.5.2.1.5168.1900.205538850665414474422005315275,RTSTRUCT,1.3.6.1.4.1.14519.5.2.1.5168.1900.110557117733100438532414397359,1,C:\sts_data\soft_tissue_sarcoma\soft_tissue_sarcoma\STS_006\1.3.6.1.4.1.14519.5.2.1.5168.1900.110557117733100438532414397359\RTSTRUCT_1.3.6.1.4.1.14519.5.2.1.5168.1900.205538850665414474422005315275
STS_006,1.3.6.1.4.1.14519.5.2.1.5168.1900.415592365046377624930727478945,RTSTRUCT,1.3.6.1.4.1.14519.5.2.1.5168.1900.110557117733100438532414397359,1,C:\sts_data\soft_tissue_sarcoma\soft_tissue_sarcoma\STS_006\1.3.6.1.4.1.14519.5.2.1.5168.1900.110557117733100438532414397359\RTSTRUCT_1.3.6.1.4.1.14519.5.2.1.5168.1900.415592365046377624930727478945
STS_006,1.3.6.1.4.1.14519.5.2.1.5168.1900.435414997829244258152068167690,RTSTRUCT,1.3.6.1.4.1.14519.5.2.1.5168.1900.110557117733100438532414397359,1,C:\sts_data\soft_tissue_sarcoma\soft_tissue_sarcoma\STS_006\1.3.6.1.4.1.14519.5.2.1.5168.1900.110557117733100438532414397359\RTSTRUCT_1.3.6.1.4.1.14519.5.2.1.5168.1900.435414997829244258152068167690
STS_006,1.3.6.1.4.1.14519.5.2.1.5168.1900.693146590406224300912577428160,RTSTRUCT,1.3.6.1.4.1.14519.5.2.1.5168.1900.110557117733100438532414397359,1,C:\sts_data\soft_tissue_sarcoma\soft_tissue_sarcoma\STS_006\1.3.6.1.4.1.14519.5.2.1.5168.1900.110557117733100438532414397359\RTSTRUCT_1.3.6.1.4.1.14519.5.2.1.5168.1900.693146590406224300912577428160
STS_006,1.3.6.1.4.1.14519.5.2.1.5168.1900.211941179244652413817807880192,MR,1.3.6.1.4.1.14519.5.2.1.5168.1900.235629096015019691049111996241,44,C:\sts_data\soft_tissue_sarcoma\soft_tissue_sarcoma\STS_006\1.3.6.1.4.1.14519.5.2.1.5168.1900.235629096015019691049111996241\MR_1.3.6.1.4.1.14519.5.2.1.5168.1900.211941179244652413817807880192
STS_006,1.3.6.1.4.1.14519.5.2.1.5168.1900.416620632851615222270746812831,MR,1.3.6.1.4.1.14519.5.2.1.5168.1900.235629096015019691049111996241,44,C:\sts_data\soft_tissue_sarcoma\soft_tissue_sarcoma\STS_006\1.3.6.1.4.1.14519.5.2.1.5168.1900.235629096015019691049111996241\MR_1.3.6.1.4.1.14519.5.2.1.5168.1900.416620632851615222270746812831
STS_006,1.3.6.1.4.1.14519.5.2.1.5168.1900.172626207758327538763715607683,RTSTRUCT,1.3.6.1.4.1.14519.5.2.1.5168.1900.235629096015019691049111996241,1,C:\sts_data\soft_tissue_sarcoma\soft_tissue_sarcoma\STS_006\1.3.6.1.4.1.14519.5.2.1.5168.1900.235629096015019691049111996241\RTSTRUCT_1.3.6.1.4.1.14519.5.2.1.5168.1900.172626207758327538763715607683
STS_006,1.3.6.1.4.1.14519.5.2.1.5168.1900.970302281966913420651324629517,RTSTRUCT,1.3.6.1.4.1.14519.5.2.1.5168.1900.235629096015019691049111996241,1,C:\sts_data\soft_tissue_sarcoma\soft_tissue_sarcoma\STS_006\1.3.6.1.4.1.14519.5.2.1.5168.1900.235629096015019691049111996241\RTSTRUCT_1.3.6.1.4.1.14519.5.2.1.5168.1900.970302281966913420651324629517
STS_007,1.3.6.1.4.1.14519.5.2.1.5168.1900.220078656640872864752581599760,MR,1.3.6.1.4.1.14519.5.2.1.5168.1900.311778395054988860158230766014,50,C:\sts_data\soft_tissue_sarcoma\soft_tissue_sarcoma\STS_007\1.3.6.1.4.1.14519.5.2.1.5168.1900.311778395054988860158230766014\MR_1.3.6.1.4.1.14519.5.2.1.5168.1900.220078656640872864752581599760
STS_007,1.3.6.1.4.1.14519.5.2.1.5168.1900.806679014603095689025255756775,MR,1.3.6.1.4.1.14519.5.2.1.5168.1900.311778395054988860158230766014,54,C:\sts_data\soft_tissue_sarcoma\soft_tissue_sarcoma\STS_007\1.3.6.1.4.1.14519.5.2.1.5168.1900.311778395054988860158230766014\MR_1.3.6.1.4.1.14519.5.2.1.5168.1900.806679014603095689025255756775
STS_007,1.3.6.1.4.1.14519.5.2.1.5168.1900.175049502168160658356341601073,RTSTRUCT,1.3.6.1.4.1.14519.5.2.1.5168.1900.311778395054988860158230766014,1,C:\sts_data\soft_tissue_sarcoma\soft_tissue_sarcoma\STS_007\1.3.6.1.4.1.14519.5.2.1.5168.1900.311778395054988860158230766014\RTSTRUCT_1.3.6.1.4.1.14519.5.2.1.5168.1900.175049502168160658356341601073
STS_007,1.3.6.1.4.1.14519.5.2.1.5168.1900.192924979232181221647496542262,RTSTRUCT,1.3.6.1.4.1.14519.5.2.1.5168.1900.311778395054988860158230766014,1,C:\sts_data\soft_tissue_sarcoma\soft_tissue_sarcoma\STS_007\1.3.6.1.4.1.14519.5.2.1.5168.1900.311778395054988860158230766014\RTSTRUCT_1.3.6.1.4.1.14519.5.2.1.5168.1900.192924979232181221647496542262
STS_007,1.3.6.1.4.1.14519.5.2.1.5168.1900.315477836840324582280843038439,CT,1.3.6.1.4.1.14519.5.2.1.5168.1900.381397737790414481604846607090,267,C:\sts_data\soft_tissue_sarcoma\soft_tissue_sarcoma\STS_007\1.3.6.1.4.1.14519.5.2.1.5168.1900.381397737790414481604846607090\CT_1.3.6.1.4.1.14519.5.2.1.5168.1900.315477836840324582280843038439
STS_007,1.3.6.1.4.1.14519.5.2.1.5168.1900.221563596244131126217028284957,MR,1.3.6.1.4.1.14519.5.2.1.5168.1900.381397737790414481604846607090,63,C:\sts_data\soft_tissue_sarcoma\soft_tissue_sarcoma\STS_007\1.3.6.1.4.1.14519.5.2.1.5168.1900.381397737790414481604846607090\MR_1.3.6.1.4.1.14519.5.2.1.5168.1900.221563596244131126217028284957
STS_007,1.3.6.1.4.1.14519.5.2.1.5168.1900.226621227664319640315649519526,MR,1.3.6.1.4.1.14519.5.2.1.5168.1900.381397737790414481604846607090,73,C:\sts_data\soft_tissue_sarcoma\soft_tissue_sarcoma\STS_007\1.3.6.1.4.1.14519.5.2.1.5168.1900.381397737790414481604846607090\MR_1.3.6.1.4.1.14519.5.2.1.5168.1900.226621227664319640315649519526
STS_007,1.3.6.1.4.1.14519.5.2.1.5168.1900.716661492038682886916618182665,PT,1.3.6.1.4.1.14519.5.2.1.5168.1900.381397737790414481604846607090,267,C:\sts_data\soft_tissue_sarcoma\soft_tissue_sarcoma\STS_007\1.3.6.1.4.1.14519.5.2.1.5168.1900.381397737790414481604846607090\PT_1.3.6.1.4.1.14519.5.2.1.5168.1900.716661492038682886916618182665
STS_007,1.3.6.1.4.1.14519.5.2.1.5168.1900.168975860173565268426239334198,RTSTRUCT,1.3.6.1.4.1.14519.5.2.1.5168.1900.381397737790414481604846607090,1,C:\sts_data\soft_tissue_sarcoma\soft_tissue_sarcoma\STS_007\1.3.6.1.4.1.14519.5.2.1.5168.1900.381397737790414481604846607090\RTSTRUCT_1.3.6.1.4.1.14519.5.2.1.5168.1900.168975860173565268426239334198
STS_007,1.3.6.1.4.1.14519.5.2.1.5168.1900.248550390388960675238506059791,RTSTRUCT,1.3.6.1.4.1.14519.5.2.1.5168.1900.381397737790414481604846607090,1,C:\sts_data\soft_tissue_sarcoma\soft_tissue_sarcoma\STS_007\1.3.6.1.4.1.14519.5.2.1.5168.1900.381397737790414481604846607090\RTSTRUCT_1.3.6.1.4.1.14519.5.2.1.5168.1900.248550390388960675238506059791
STS_007,1.3.6.1.4.1.14519.5.2.1.5168.1900.726769864295360535713572187990,RTSTRUCT,1.3.6.1.4.1.14519.5.2.1.5168.1900.381397737790414481604846607090,1,C:\sts_data\soft_tissue_sarcoma\soft_tissue_sarcoma\STS_007\1.3.6.1.4.1.14519.5.2.1.5168.1900.381397737790414481604846607090\RTSTRUCT_1.3.6.1.4.1.14519.5.2.1.5168.1900.726769864295360535713572187990
STS_007,1.3.6.1.4.1.14519.5.2.1.5168.1900.853964095399624309299351734166,RTSTRUCT,1.3.6.1.4.1.14519.5.2.1.5168.1900.381397737790414481604846607090,1,C:\sts_data\soft_tissue_sarcoma\soft_tissue_sarcoma\STS_007\1.3.6.1.4.1.14519.5.2.1.5168.1900.381397737790414481604846607090\RTSTRUCT_1.3.6.1.4.1.14519.5.2.1.5168.1900.853964095399624309299351734166
STS_008,1.3.6.1.4.1.14519.5.2.1.5168.1900.229367429898562428285873490481,MR,1.3.6.1.4.1.14519.5.2.1.5168.1900.132619255485652879404382652109,20,C:\sts_data\soft_tissue_sarcoma\soft_tissue_sarcoma\STS_008\1.3.6.1.4.1.14519.5.2.1.5168.1900.132619255485652879404382652109\MR_1.3.6.1.4.1.14519.5.2.1.5168.1900.229367429898562428285873490481
STS_008,1.3.6.1.4.1.14519.5.2.1.5168.1900.292128747763694583644513829818,MR,1.3.6.1.4.1.14519.5.2.1.5168.1900.132619255485652879404382652109,20,C:\sts_data\soft_tissue_sarcoma\soft_tissue_sarcoma\STS_008\1.3.6.1.4.1.14519.5.2.1.5168.1900.132619255485652879404382652109\MR_1.3.6.1.4.1.14519.5.2.1.5168.1900.292128747763694583644513829818
STS_008,1.3.6.1.4.1.14519.5.2.1.5168.1900.119951795132605902392806147398,RTSTRUCT,1.3.6.1.4.1.14519.5.2.1.5168.1900.132619255485652879404382652109,1,C:\sts_data\soft_tissue_sarcoma\soft_tissue_sarcoma\STS_008\1.3.6.1.4.1.14519.5.2.1.5168.1900.132619255485652879404382652109\RTSTRUCT_1.3.6.1.4.1.14519.5.2.1.5168.1900.119951795132605902392806147398
STS_008,1.3.6.1.4.1.14519.5.2.1.5168.1900.126539531476209545646316399260,RTSTRUCT,1.3.6.1.4.1.14519.5.2.1.5168.1900.132619255485652879404382652109,1,C:\sts_data\soft_tissue_sarcoma\soft_tissue_sarcoma\STS_008\1.3.6.1.4.1.14519.5.2.1.5168.1900.132619255485652879404382652109\RTSTRUCT_1.3.6.1.4.1.14519.5.2.1.5168.1900.126539531476209545646316399260
STS_008,1.3.6.1.4.1.14519.5.2.1.5168.1900.847939525316830421968251722427,CT,1.3.6.1.4.1.14519.5.2.1.5168.1900.242325741304484606665702798256,267,C:\sts_data\soft_tissue_sarcoma\soft_tissue_sarcoma\STS_008\1.3.6.1.4.1.14519.5.2.1.5168.1900.242325741304484606665702798256\CT_1.3.6.1.4.1.14519.5.2.1.5168.1900.847939525316830421968251722427
STS_008,1.3.6.1.4.1.14519.5.2.1.5168.1900.283451701112157425335994143680,MR,1.3.6.1.4.1.14519.5.2.1.5168.1900.242325741304484606665702798256,28,C:\sts_data\soft_tissue_sarcoma\soft_tissue_sarcoma\STS_008\1.3.6.1.4.1.14519.5.2.1.5168.1900.242325741304484606665702798256\MR_1.3.6.1.4.1.14519.5.2.1.5168.1900.283451701112157425335994143680
STS_008,1.3.6.1.4.1.14519.5.2.1.5168.1900.339475531324289254647837040466,MR,1.3.6.1.4.1.14519.5.2.1.5168.1900.242325741304484606665702798256,30,C:\sts_data\soft_tissue_sarcoma\soft_tissue_sarcoma\STS_008\1.3.6.1.4.1.14519.5.2.1.5168.1900.242325741304484606665702798256\MR_1.3.6.1.4.1.14519.5.2.1.5168.1900.339475531324289254647837040466
STS_008,1.3.6.1.4.1.14519.5.2.1.5168.1900.375432821501223604470109669765,PT,1.3.6.1.4.1.14519.5.2.1.5168.1900.242325741304484606665702798256,267,C:\sts_data\soft_tissue_sarcoma\soft_tissue_sarcoma\STS_008\1.3.6.1.4.1.14519.5.2.1.5168.1900.242325741304484606665702798256\PT_1.3.6.1.4.1.14519.5.2.1.5168.1900.375432821501223604470109669765
STS_008,1.3.6.1.4.1.14519.5.2.1.5168.1900.103434702725237045261802732200,RTSTRUCT,1.3.6.1.4.1.14519.5.2.1.5168.1900.242325741304484606665702798256,1,C:\sts_data\soft_tissue_sarcoma\soft_tissue_sarcoma\STS_008\1.3.6.1.4.1.14519.5.2.1.5168.1900.242325741304484606665702798256\RTSTRUCT_1.3.6.1.4.1.14519.5.2.1.5168.1900.103434702725237045261802732200
STS_008,1.3.6.1.4.1.14519.5.2.1.5168.1900.147514710204559672035323780356,RTSTRUCT,1.3.6.1.4.1.14519.5.2.1.5168.1900.242325741304484606665702798256,1,C:\sts_data\soft_tissue_sarcoma\soft_tissue_sarcoma\STS_008\1.3.6.1.4.1.14519.5.2.1.5168.1900.242325741304484606665702798256\RTSTRUCT_1.3.6.1.4.1.14519.5.2.1.5168.1900.147514710204559672035323780356
STS_008,1.3.6.1.4.1.14519.5.2.1.5168.1900.335042000041702982138351223720,RTSTRUCT,1.3.6.1.4.1.14519.5.2.1.5168.1900.242325741304484606665702798256,1,C:\sts_data\soft_tissue_sarcoma\soft_tissue_sarcoma\STS_008\1.3.6.1.4.1.14519.5.2.1.5168.1900.242325741304484606665702798256\RTSTRUCT_1.3.6.1.4.1.14519.5.2.1.5168.1900.335042000041702982138351223720
STS_008,1.3.6.1.4.1.14519.5.2.1.5168.1900.655210667347380762962007984711,RTSTRUCT,1.3.6.1.4.1.14519.5.2.1.5168.1900.242325741304484606665702798256,1,C:\sts_data\soft_tissue_sarcoma\soft_tissue_sarcoma\STS_008\1.3.6.1.4.1.14519.5.2.1.5168.1900.242325741304484606665702798256\RTSTRUCT_1.3.6.1.4.1.14519.5.2.1.5168.1900.655210667347380762962007984711
STS_009,1.3.6.1.4.1.14519.5.2.1.5168.1900.136001226456621344050523916277,CT,1.3.6.1.4.1.14519.5.2.1.5168.1900.312508428193476302553228969583,267,C:\sts_data\soft_tissue_sarcoma\soft_tissue_sarcoma\STS_009\1.3.6.1.4.1.14519.5.2.1.5168.1900.312508428193476302553228969583\CT_1.3.6.1.4.1.14519.5.2.1.5168.1900.136001226456621344050523916277
STS_009,1.3.6.1.4.1.14519.5.2.1.5168.1900.257294103283551870070863688852,MR,1.3.6.1.4.1.14519.5.2.1.5168.1900.312508428193476302553228969583,93,C:\sts_data\soft_tissue_sarcoma\soft_tissue_sarcoma\STS_009\1.3.6.1.4.1.14519.5.2.1.5168.1900.312508428193476302553228969583\MR_1.3.6.1.4.1.14519.5.2.1.5168.1900.257294103283551870070863688852
STS_009,1.3.6.1.4.1.14519.5.2.1.5168.1900.862727881609861157081214356697,MR,1.3.6.1.4.1.14519.5.2.1.5168.1900.312508428193476302553228969583,99,C:\sts_data\soft_tissue_sarcoma\soft_tissue_sarcoma\STS_009\1.3.6.1.4.1.14519.5.2.1.5168.1900.312508428193476302553228969583\MR_1.3.6.1.4.1.14519.5.2.1.5168.1900.862727881609861157081214356697
STS_009,1.3.6.1.4.1.14519.5.2.1.5168.1900.234308622016032251001504298675,PT,1.3.6.1.4.1.14519.5.2.1.5168.1900.312508428193476302553228969583,267,C:\sts_data\soft_tissue_sarcoma\soft_tissue_sarcoma\STS_009\1.3.6.1.4.1.14519.5.2.1.5168.1900.312508428193476302553228969583\PT_1.3.6.1.4.1.14519.5.2.1.5168.1900.234308622016032251001504298675
STS_009,1.3.6.1.4.1.14519.5.2.1.5168.1900.214990149015044826630821483151,RTSTRUCT,1.3.6.1.4.1.14519.5.2.1.5168.1900.312508428193476302553228969583,1,C:\sts_data\soft_tissue_sarcoma\soft_tissue_sarcoma\STS_009\1.3.6.1.4.1.14519.5.2.1.5168.1900.312508428193476302553228969583\RTSTRUCT_1.3.6.1.4.1.14519.5.2.1.5168.1900.214990149015044826630821483151
STS_009,1.3.6.1.4.1.14519.5.2.1.5168.1900.222785323300509785367151141505,RTSTRUCT,1.3.6.1.4.1.14519.5.2.1.5168.1900.312508428193476302553228969583,1,C:\sts_data\soft_tissue_sarcoma\soft_tissue_sarcoma\STS_009\1.3.6.1.4.1.14519.5.2.1.5168.1900.312508428193476302553228969583\RTSTRUCT_1.3.6.1.4.1.14519.5.2.1.5168.1900.222785323300509785367151141505
STS_009,1.3.6.1.4.1.14519.5.2.1.5168.1900.253466494417656460049008945320,RTSTRUCT,1.3.6.1.4.1.14519.5.2.1.5168.1900.312508428193476302553228969583,1,C:\sts_data\soft_tissue_sarcoma\soft_tissue_sarcoma\STS_009\1.3.6.1.4.1.14519.5.2.1.5168.1900.312508428193476302553228969583\RTSTRUCT_1.3.6.1.4.1.14519.5.2.1.5168.1900.253466494417656460049008945320
STS_009,1.3.6.1.4.1.14519.5.2.1.5168.1900.253708257503024231715294155838,RTSTRUCT,1.3.6.1.4.1.14519.5.2.1.5168.1900.312508428193476302553228969583,1,C:\sts_data\soft_tissue_sarcoma\soft_tissue_sarcoma\STS_009\1.3.6.1.4.1.14519.5.2.1.5168.1900.312508428193476302553228969583\RTSTRUCT_1.3.6.1.4.1.14519.5.2.1.5168.1900.253708257503024231715294155838
STS_009,1.3.6.1.4.1.14519.5.2.1.5168.1900.420647284067341373918324453507,MR,1.3.6.1.4.1.14519.5.2.1.5168.1900.631882130174760778769870833390,65,C:\sts_data\soft_tissue_sarcoma\soft_tissue_sarcoma\STS_009\1.3.6.1.4.1.14519.5.2.1.5168.1900.631882130174760778769870833390\MR_1.3.6.1.4.1.14519.5.2.1.5168.1900.420647284067341373918324453507
STS_009,1.3.6.1.4.1.14519.5.2.1.5168.1900.808233697012611442522299876380,MR,1.3.6.1.4.1.14519.5.2.1.5168.1900.631882130174760778769870833390,65,C:\sts_data\soft_tissue_sarcoma\soft_tissue_sarcoma\STS_009\1.3.6.1.4.1.14519.5.2.1.5168.1900.631882130174760778769870833390\MR_1.3.6.1.4.1.14519.5.2.1.5168.1900.808233697012611442522299876380
STS_009,1.3.6.1.4.1.14519.5.2.1.5168.1900.262695289291897338130435499821,RTSTRUCT,1.3.6.1.4.1.14519.5.2.1.5168.1900.631882130174760778769870833390,1,C:\sts_data\soft_tissue_sarcoma\soft_tissue_sarcoma\STS_009\1.3.6.1.4.1.14519.5.2.1.5168.1900.631882130174760778769870833390\RTSTRUCT_1.3.6.1.4.1.14519.5.2.1.5168.1900.262695289291897338130435499821
STS_009,1.3.6.1.4.1.14519.5.2.1.5168.1900.330588306923176168651264171749,RTSTRUCT,1.3.6.1.4.1.14519.5.2.1.5168.1900.631882130174760778769870833390,1,C:\sts_data\soft_tissue_sarcoma\soft_tissue_sarcoma\STS_009\1.3.6.1.4.1.14519.5.2.1.5168.1900.631882130174760778769870833390\RTSTRUCT_1.3.6.1.4.1.14519.5.2.1.5168.1900.330588306923176168651264171749
STS_010,1.3.6.1.4.1.14519.5.2.1.5168.1900.104193299251798317056218297018,MR,1.3.6.1.4.1.14519.5.2.1.5168.1900.154535988064062152660648619556,48,C:\sts_data\soft_tissue_sarcoma\soft_tissue_sarcoma\STS_010\1.3.6.1.4.1.14519.5.2.1.5168.1900.154535988064062152660648619556\MR_1.3.6.1.4.1.14519.5.2.1.5168.1900.104193299251798317056218297018
STS_010,1.3.6.1.4.1.14519.5.2.1.5168.1900.614409775072665417753627581100,MR,1.3.6.1.4.1.14519.5.2.1.5168.1900.154535988064062152660648619556,48,C:\sts_data\soft_tissue_sarcoma\soft_tissue_sarcoma\STS_010\1.3.6.1.4.1.14519.5.2.1.5168.1900.154535988064062152660648619556\MR_1.3.6.1.4.1.14519.5.2.1.5168.1900.614409775072665417753627581100
STS_010,1.3.6.1.4.1.14519.5.2.1.5168.1900.302331428514213390916199205918,RTSTRUCT,1.3.6.1.4.1.14519.5.2.1.5168.1900.154535988064062152660648619556,1,C:\sts_data\soft_tissue_sarcoma\soft_tissue_sarcoma\STS_010\1.3.6.1.4.1.14519.5.2.1.5168.1900.154535988064062152660648619556\RTSTRUCT_1.3.6.1.4.1.14519.5.2.1.5168.1900.302331428514213390916199205918
STS_010,1.3.6.1.4.1.14519.5.2.1.5168.1900.889843448574921565314756768562,RTSTRUCT,1.3.6.1.4.1.14519.5.2.1.5168.1900.154535988064062152660648619556,1,C:\sts_data\soft_tissue_sarcoma\soft_tissue_sarcoma\STS_010\1.3.6.1.4.1.14519.5.2.1.5168.1900.154535988064062152660648619556\RTSTRUCT_1.3.6.1.4.1.14519.5.2.1.5168.1900.889843448574921565314756768562
STS_010,1.3.6.1.4.1.14519.5.2.1.5168.1900.197754415891602187397505258429,CT,1.3.6.1.4.1.14519.5.2.1.5168.1900.293144742514571789106915674609,267,C:\sts_data\soft_tissue_sarcoma\soft_tissue_sarcoma\STS_010\1.3.6.1.4.1.14519.5.2.1.5168.1900.293144742514571789106915674609\CT_1.3.6.1.4.1.14519.5.2.1.5168.1900.197754415891602187397505258429
STS_010,1.3.6.1.4.1.14519.5.2.1.5168.1900.143977537292523598024281101036,MR,1.3.6.1.4.1.14519.5.2.1.5168.1900.293144742514571789106915674609,83,C:\sts_data\soft_tissue_sarcoma\soft_tissue_sarcoma\STS_010\1.3.6.1.4.1.14519.5.2.1.5168.1900.293144742514571789106915674609\MR_1.3.6.1.4.1.14519.5.2.1.5168.1900.143977537292523598024281101036
STS_010,1.3.6.1.4.1.14519.5.2.1.5168.1900.192448399521774181028584518519,MR,1.3.6.1.4.1.14519.5.2.1.5168.1900.293144742514571789106915674609,88,C:\sts_data\soft_tissue_sarcoma\soft_tissue_sarcoma\STS_010\1.3.6.1.4.1.14519.5.2.1.5168.1900.293144742514571789106915674609\MR_1.3.6.1.4.1.14519.5.2.1.5168.1900.192448399521774181028584518519
STS_010,1.3.6.1.4.1.14519.5.2.1.5168.1900.120827366891563757522579924917,PT,1.3.6.1.4.1.14519.5.2.1.5168.1900.293144742514571789106915674609,267,C:\sts_data\soft_tissue_sarcoma\soft_tissue_sarcoma\STS_010\1.3.6.1.4.1.14519.5.2.1.5168.1900.293144742514571789106915674609\PT_1.3.6.1.4.1.14519.5.2.1.5168.1900.120827366891563757522579924917
STS_010,1.3.6.1.4.1.14519.5.2.1.5168.1900.133037479497893229915237733054,RTSTRUCT,1.3.6.1.4.1.14519.5.2.1.5168.1900.293144742514571789106915674609,1,C:\sts_data\soft_tissue_sarcoma\soft_tissue_sarcoma\STS_010\1.3.6.1.4.1.14519.5.2.1.5168.1900.293144742514571789106915674609\RTSTRUCT_1.3.6.1.4.1.14519.5.2.1.5168.1900.133037479497893229915237733054
STS_010,1.3.6.1.4.1.14519.5.2.1.5168.1900.144585596887027808045280436377,RTSTRUCT,1.3.6.1.4.1.14519.5.2.1.5168.1900.293144742514571789106915674609,1,C:\sts_data\soft_tissue_sarcoma\soft_tissue_sarcoma\STS_010\1.3.6.1.4.1.14519.5.2.1.5168.1900.293144742514571789106915674609\RTSTRUCT_1.3.6.1.4.1.14519.5.2.1.5168.1900.144585596887027808045280436377
STS_010,1.3.6.1.4.1.14519.5.2.1.5168.1900.315084889191112753248709818643,RTSTRUCT,1.3.6.1.4.1.14519.5.2.1.5168.1900.293144742514571789106915674609,1,C:\sts_data\soft_tissue_sarcoma\soft_tissue_sarcoma\STS_010\1.3.6.1.4.1.14519.5.2.1.5168.1900.293144742514571789106915674609\RTSTRUCT_1.3.6.1.4.1.14519.5.2.1.5168.1900.315084889191112753248709818643
STS_010,1.3.6.1.4.1.14519.5.2.1.5168.1900.731508463883905889576807557650,RTSTRUCT,1.3.6.1.4.1.14519.5.2.1.5168.1900.293144742514571789106915674609,1,C:\sts_data\soft_tissue_sarcoma\soft_tissue_sarcoma\STS_010\1.3.6.1.4.1.14519.5.2.1.5168.1900.293144742514571789106915674609\RTSTRUCT_1.3.6.1.4.1.14519.5.2.1.5168.1900.731508463883905889576807557650
STS_011,1.3.6.1.4.1.14519.5.2.1.5168.1900.275802542059021701449696303567,MR,1.3.6.1.4.1.14519.5.2.1.5168.1900.211659248655092231923007628034,28,C:\sts_data\soft_tissue_sarcoma\soft_tissue_sarcoma\STS_011\1.3.6.1.4.1.14519.5.2.1.5168.1900.211659248655092231923007628034\MR_1.3.6.1.4.1.14519.5.2.1.5168.1900.275802542059021701449696303567
STS_011,1.3.6.1.4.1.14519.5.2.1.5168.1900.547952814730460769233389637595,MR,1.3.6.1.4.1.14519.5.2.1.5168.1900.211659248655092231923007628034,28,C:\sts_data\soft_tissue_sarcoma\soft_tissue_sarcoma\STS_011\1.3.6.1.4.1.14519.5.2.1.5168.1900.211659248655092231923007628034\MR_1.3.6.1.4.1.14519.5.2.1.5168.1900.547952814730460769233389637595
STS_011,1.3.6.1.4.1.14519.5.2.1.5168.1900.258128828733228709641738314359,RTSTRUCT,1.3.6.1.4.1.14519.5.2.1.5168.1900.211659248655092231923007628034,1,C:\sts_data\soft_tissue_sarcoma\soft_tissue_sarcoma\STS_011\1.3.6.1.4.1.14519.5.2.1.5168.1900.211659248655092231923007628034\RTSTRUCT_1.3.6.1.4.1.14519.5.2.1.5168.1900.258128828733228709641738314359
STS_011,1.3.6.1.4.1.14519.5.2.1.5168.1900.622657727237647795275718722869,RTSTRUCT,1.3.6.1.4.1.14519.5.2.1.5168.1900.211659248655092231923007628034,1,C:\sts_data\soft_tissue_sarcoma\soft_tissue_sarcoma\STS_011\1.3.6.1.4.1.14519.5.2.1.5168.1900.211659248655092231923007628034\RTSTRUCT_1.3.6.1.4.1.14519.5.2.1.5168.1900.622657727237647795275718722869
STS_011,1.3.6.1.4.1.14519.5.2.1.5168.1900.896652790055363098816591002588,CT,1.3.6.1.4.1.14519.5.2.1.5168.1900.381587480341689076888945774982,267,C:\sts_data\soft_tissue_sarcoma\soft_tissue_sarcoma\STS_011\1.3.6.1.4.1.14519.5.2.1.5168.1900.381587480341689076888945774982\CT_1.3.6.1.4.1.14519.5.2.1.5168.1900.896652790055363098816591002588
STS_011,1.3.6.1.4.1.14519.5.2.1.5168.1900.111534387602964104531512418596,MR,1.3.6.1.4.1.14519.5.2.1.5168.1900.381587480341689076888945774982,91,C:\sts_data\soft_tissue_sarcoma\soft_tissue_sarcoma\STS_011\1.3.6.1.4.1.14519.5.2.1.5168.1900.381587480341689076888945774982\MR_1.3.6.1.4.1.14519.5.2.1.5168.1900.111534387602964104531512418596
STS_011,1.3.6.1.4.1.14519.5.2.1.5168.1900.231449745075223863214764385642,MR,1.3.6.1.4.1.14519.5.2.1.5168.1900.381587480341689076888945774982,91,C:\sts_data\soft_tissue_sarcoma\soft_tissue_sarcoma\STS_011\1.3.6.1.4.1.14519.5.2.1.5168.1900.381587480341689076888945774982\MR_1.3.6.1.4.1.14519.5.2.1.5168.1900.231449745075223863214764385642
STS_011,1.3.6.1.4.1.14519.5.2.1.5168.1900.359327282029253254652398782665,PT,1.3.6.1.4.1.14519.5.2.1.5168.1900.381587480341689076888945774982,267,C:\sts_data\soft_tissue_sarcoma\soft_tissue_sarcoma\STS_011\1.3.6.1.4.1.14519.5.2.1.5168.1900.381587480341689076888945774982\PT_1.3.6.1.4.1.14519.5.2.1.5168.1900.359327282029253254652398782665
STS_011,1.3.6.1.4.1.14519.5.2.1.5168.1900.188708013886627636179329729278,RTSTRUCT,1.3.6.1.4.1.14519.5.2.1.5168.1900.381587480341689076888945774982,1,C:\sts_data\soft_tissue_sarcoma\soft_tissue_sarcoma\STS_011\1.3.6.1.4.1.14519.5.2.1.5168.1900.381587480341689076888945774982\RTSTRUCT_1.3.6.1.4.1.14519.5.2.1.5168.1900.188708013886627636179329729278
STS_011,1.3.6.1.4.1.14519.5.2.1.5168.1900.219274715254959828406951150139,RTSTRUCT,1.3.6.1.4.1.14519.5.2.1.5168.1900.381587480341689076888945774982,1,C:\sts_data\soft_tissue_sarcoma\soft_tissue_sarcoma\STS_011\1.3.6.1.4.1.14519.5.2.1.5168.1900.381587480341689076888945774982\RTSTRUCT_1.3.6.1.4.1.14519.5.2.1.5168.1900.219274715254959828406951150139
STS_011,1.3.6.1.4.1.14519.5.2.1.5168.1900.282525031541890551606010766769,RTSTRUCT,1.3.6.1.4.1.14519.5.2.1.5168.1900.381587480341689076888945774982,1,C:\sts_data\soft_tissue_sarcoma\soft_tissue_sarcoma\STS_011\1.3.6.1.4.1.14519.5.2.1.5168.1900.381587480341689076888945774982\RTSTRUCT_1.3.6.1.4.1.14519.5.2.1.5168.1900.282525031541890551606010766769
STS_011,1.3.6.1.4.1.14519.5.2.1.5168.1900.387365733774305095370426853879,RTSTRUCT,1.3.6.1.4.1.14519.5.2.1.5168.1900.381587480341689076888945774982,1,C:\sts_data\soft_tissue_sarcoma\soft_tissue_sarcoma\STS_011\1.3.6.1.4.1.14519.5.2.1.5168.1900.381587480341689076888945774982\RTSTRUCT_1.3.6.1.4.1.14519.5.2.1.5168.1900.387365733774305095370426853879
STS_012,1.3.6.1.4.1.14519.5.2.1.5168.1900.125236013959219285601516346712,MR,1.3.6.1.4.1.14519.5.2.1.5168.1900.135795221898471481596787080639,50,C:\sts_data\soft_tissue_sarcoma\soft_tissue_sarcoma\STS_012\1.3.6.1.4.1.14519.5.2.1.5168.1900.135795221898471481596787080639\MR_1.3.6.1.4.1.14519.5.2.1.5168.1900.125236013959219285601516346712
STS_012,1.3.6.1.4.1.14519.5.2.1.5168.1900.216398125896037785163292266798,MR,1.3.6.1.4.1.14519.5.2.1.5168.1900.135795221898471481596787080639,50,C:\sts_data\soft_tissue_sarcoma\soft_tissue_sarcoma\STS_012\1.3.6.1.4.1.14519.5.2.1.5168.1900.135795221898471481596787080639\MR_1.3.6.1.4.1.14519.5.2.1.5168.1900.216398125896037785163292266798
STS_012,1.3.6.1.4.1.14519.5.2.1.5168.1900.195670433377609187223092433994,RTSTRUCT,1.3.6.1.4.1.14519.5.2.1.5168.1900.135795221898471481596787080639,1,C:\sts_data\soft_tissue_sarcoma\soft_tissue_sarcoma\STS_012\1.3.6.1.4.1.14519.5.2.1.5168.1900.135795221898471481596787080639\RTSTRUCT_1.3.6.1.4.1.14519.5.2.1.5168.1900.195670433377609187223092433994
STS_012,1.3.6.1.4.1.14519.5.2.1.5168.1900.327430871862119968611028761910,RTSTRUCT,1.3.6.1.4.1.14519.5.2.1.5168.1900.135795221898471481596787080639,1,C:\sts_data\soft_tissue_sarcoma\soft_tissue_sarcoma\STS_012\1.3.6.1.4.1.14519.5.2.1.5168.1900.135795221898471481596787080639\RTSTRUCT_1.3.6.1.4.1.14519.5.2.1.5168.1900.327430871862119968611028761910
STS_012,1.3.6.1.4.1.14519.5.2.1.5168.1900.259441731481975380196382885127,CT,1.3.6.1.4.1.14519.5.2.1.5168.1900.297401627786388320172038793205,267,C:\sts_data\soft_tissue_sarcoma\soft_tissue_sarcoma\STS_012\1.3.6.1.4.1.14519.5.2.1.5168.1900.297401627786388320172038793205\CT_1.3.6.1.4.1.14519.5.2.1.5168.1900.259441731481975380196382885127
STS_012,1.3.6.1.4.1.14519.5.2.1.5168.1900.157802019549359253688682895246,MR,1.3.6.1.4.1.14519.5.2.1.5168.1900.297401627786388320172038793205,65,C:\sts_data\soft_tissue_sarcoma\soft_tissue_sarcoma\STS_012\1.3.6.1.4.1.14519.5.2.1.5168.1900.297401627786388320172038793205\MR_1.3.6.1.4.1.14519.5.2.1.5168.1900.157802019549359253688682895246
STS_012,1.3.6.1.4.1.14519.5.2.1.5168.1900.327758060055569029756293983416,MR,1.3.6.1.4.1.14519.5.2.1.5168.1900.297401627786388320172038793205,68,C:\sts_data\soft_tissue_sarcoma\soft_tissue_sarcoma\STS_012\1.3.6.1.4.1.14519.5.2.1.5168.1900.297401627786388320172038793205\MR_1.3.6.1.4.1.14519.5.2.1.5168.1900.327758060055569029756293983416
STS_012,1.3.6.1.4.1.14519.5.2.1.5168.1900.387386568156210893850785997323,PT,1.3.6.1.4.1.14519.5.2.1.5168.1900.297401627786388320172038793205,267,C:\sts_data\soft_tissue_sarcoma\soft_tissue_sarcoma\STS_012\1.3.6.1.4.1.14519.5.2.1.5168.1900.297401627786388320172038793205\PT_1.3.6.1.4.1.14519.5.2.1.5168.1900.387386568156210893850785997323
STS_012,1.3.6.1.4.1.14519.5.2.1.5168.1900.147907122368940377901770455479,RTSTRUCT,1.3.6.1.4.1.14519.5.2.1.5168.1900.297401627786388320172038793205,1,C:\sts_data\soft_tissue_sarcoma\soft_tissue_sarcoma\STS_012\1.3.6.1.4.1.14519.5.2.1.5168.1900.297401627786388320172038793205\RTSTRUCT_1.3.6.1.4.1.14519.5.2.1.5168.1900.147907122368940377901770455479
STS_012,1.3.6.1.4.1.14519.5.2.1.5168.1900.185088896333101944655394382730,RTSTRUCT,1.3.6.1.4.1.14519.5.2.1.5168.1900.297401627786388320172038793205,1,C:\sts_data\soft_tissue_sarcoma\soft_tissue_sarcoma\STS_012\1.3.6.1.4.1.14519.5.2.1.5168.1900.297401627786388320172038793205\RTSTRUCT_1.3.6.1.4.1.14519.5.2.1.5168.1900.185088896333101944655394382730
STS_012,1.3.6.1.4.1.14519.5.2.1.5168.1900.268360011629343369481704718098,RTSTRUCT,1.3.6.1.4.1.14519.5.2.1.5168.1900.297401627786388320172038793205,1,C:\sts_data\soft_tissue_sarcoma\soft_tissue_sarcoma\STS_012\1.3.6.1.4.1.14519.5.2.1.5168.1900.297401627786388320172038793205\RTSTRUCT_1.3.6.1.4.1.14519.5.2.1.5168.1900.268360011629343369481704718098
STS_012,1.3.6.1.4.1.14519.5.2.1.5168.1900.698317693386296259365295316479,RTSTRUCT,1.3.6.1.4.1.14519.5.2.1.5168.1900.297401627786388320172038793205,1,C:\sts_data\soft_tissue_sarcoma\soft_tissue_sarcoma\STS_012\1.3.6.1.4.1.14519.5.2.1.5168.1900.297401627786388320172038793205\RTSTRUCT_1.3.6.1.4.1.14519.5.2.1.5168.1900.698317693386296259365295316479
STS_013,1.3.6.1.4.1.14519.5.2.1.5168.1900.323117268867180306479729866352,CT,1.3.6.1.4.1.14519.5.2.1.5168.1900.104821027194652996681907805675,311,C:\sts_data\soft_tissue_sarcoma\soft_tissue_sarcoma\STS_013\1.3.6.1.4.1.14519.5.2.1.5168.1900.104821027194652996681907805675\CT_1.3.6.1.4.1.14519.5.2.1.5168.1900.323117268867180306479729866352
STS_013,1.3.6.1.4.1.14519.5.2.1.5168.1900.306369676875030407830050421009,MR,1.3.6.1.4.1.14519.5.2.1.5168.1900.104821027194652996681907805675,112,C:\sts_data\soft_tissue_sarcoma\soft_tissue_sarcoma\STS_013\1.3.6.1.4.1.14519.5.2.1.5168.1900.104821027194652996681907805675\MR_1.3.6.1.4.1.14519.5.2.1.5168.1900.306369676875030407830050421009
STS_013,1.3.6.1.4.1.14519.5.2.1.5168.1900.807210113218175315714868927555,MR,1.3.6.1.4.1.14519.5.2.1.5168.1900.104821027194652996681907805675,107,C:\sts_data\soft_tissue_sarcoma\soft_tissue_sarcoma\STS_013\1.3.6.1.4.1.14519.5.2.1.5168.1900.104821027194652996681907805675\MR_1.3.6.1.4.1.14519.5.2.1.5168.1900.807210113218175315714868927555
STS_013,1.3.6.1.4.1.14519.5.2.1.5168.1900.156698040991580169719306773396,PT,1.3.6.1.4.1.14519.5.2.1.5168.1900.104821027194652996681907805675,311,C:\sts_data\soft_tissue_sarcoma\soft_tissue_sarcoma\STS_013\1.3.6.1.4.1.14519.5.2.1.5168.1900.104821027194652996681907805675\PT_1.3.6.1.4.1.14519.5.2.1.5168.1900.156698040991580169719306773396
STS_013,1.3.6.1.4.1.14519.5.2.1.5168.1900.103162499650680992352237551641,RTSTRUCT,1.3.6.1.4.1.14519.5.2.1.5168.1900.104821027194652996681907805675,1,C:\sts_data\soft_tissue_sarcoma\soft_tissue_sarcoma\STS_013\1.3.6.1.4.1.14519.5.2.1.5168.1900.104821027194652996681907805675\RTSTRUCT_1.3.6.1.4.1.14519.5.2.1.5168.1900.103162499650680992352237551641
STS_013,1.3.6.1.4.1.14519.5.2.1.5168.1900.194742465258754459081806657080,RTSTRUCT,1.3.6.1.4.1.14519.5.2.1.5168.1900.104821027194652996681907805675,1,C:\sts_data\soft_tissue_sarcoma\soft_tissue_sarcoma\STS_013\1.3.6.1.4.1.14519.5.2.1.5168.1900.104821027194652996681907805675\RTSTRUCT_1.3.6.1.4.1.14519.5.2.1.5168.1900.194742465258754459081806657080
STS_013,1.3.6.1.4.1.14519.5.2.1.5168.1900.257491834360812916708040114684,RTSTRUCT,1.3.6.1.4.1.14519.5.2.1.5168.1900.104821027194652996681907805675,1,C:\sts_data\soft_tissue_sarcoma\soft_tissue_sarcoma\STS_013\1.3.6.1.4.1.14519.5.2.1.5168.1900.104821027194652996681907805675\RTSTRUCT_1.3.6.1.4.1.14519.5.2.1.5168.1900.257491834360812916708040114684
STS_013,1.3.6.1.4.1.14519.5.2.1.5168.1900.290718190392093230854961697412,RTSTRUCT,1.3.6.1.4.1.14519.5.2.1.5168.1900.104821027194652996681907805675,1,C:\sts_data\soft_tissue_sarcoma\soft_tissue_sarcoma\STS_013\1.3.6.1.4.1.14519.5.2.1.5168.1900.104821027194652996681907805675\RTSTRUCT_1.3.6.1.4.1.14519.5.2.1.5168.1900.290718190392093230854961697412
STS_013,1.3.6.1.4.1.14519.5.2.1.5168.1900.208324412477992587442552921523,MR,1.3.6.1.4.1.14519.5.2.1.5168.1900.160553142382302205638144294102,45,C:\sts_data\soft_tissue_sarcoma\soft_tissue_sarcoma\STS_013\1.3.6.1.4.1.14519.5.2.1.5168.1900.160553142382302205638144294102\MR_1.3.6.1.4.1.14519.5.2.1.5168.1900.208324412477992587442552921523
STS_013,1.3.6.1.4.1.14519.5.2.1.5168.1900.335167827854719136622748166291,MR,1.3.6.1.4.1.14519.5.2.1.5168.1900.160553142382302205638144294102,45,C:\sts_data\soft_tissue_sarcoma\soft_tissue_sarcoma\STS_013\1.3.6.1.4.1.14519.5.2.1.5168.1900.160553142382302205638144294102\MR_1.3.6.1.4.1.14519.5.2.1.5168.1900.335167827854719136622748166291
STS_013,1.3.6.1.4.1.14519.5.2.1.5168.1900.276984324718552082269621204406,RTSTRUCT,1.3.6.1.4.1.14519.5.2.1.5168.1900.160553142382302205638144294102,1,C:\sts_data\soft_tissue_sarcoma\soft_tissue_sarcoma\STS_013\1.3.6.1.4.1.14519.5.2.1.5168.1900.160553142382302205638144294102\RTSTRUCT_1.3.6.1.4.1.14519.5.2.1.5168.1900.276984324718552082269621204406
STS_013,1.3.6.1.4.1.14519.5.2.1.5168.1900.290056957283155771356858977021,RTSTRUCT,1.3.6.1.4.1.14519.5.2.1.5168.1900.160553142382302205638144294102,1,C:\sts_data\soft_tissue_sarcoma\soft_tissue_sarcoma\STS_013\1.3.6.1.4.1.14519.5.2.1.5168.1900.160553142382302205638144294102\RTSTRUCT_1.3.6.1.4.1.14519.5.2.1.5168.1900.290056957283155771356858977021
STS_014,1.3.6.1.4.1.14519.5.2.1.5168.1900.117486873080715942502806462928,CT,1.3.6.1.4.1.14519.5.2.1.5168.1900.201357586849407388893146687906,311,C:\sts_data\soft_tissue_sarcoma\soft_tissue_sarcoma\STS_014\1.3.6.1.4.1.14519.5.2.1.5168.1900.201357586849407388893146687906\CT_1.3.6.1.4.1.14519.5.2.1.5168.1900.117486873080715942502806462928
STS_014,1.3.6.1.4.1.14519.5.2.1.5168.1900.403846276921856765058255762433,MR,1.3.6.1.4.1.14519.5.2.1.5168.1900.201357586849407388893146687906,116,C:\sts_data\soft_tissue_sarcoma\soft_tissue_sarcoma\STS_014\1.3.6.1.4.1.14519.5.2.1.5168.1900.201357586849407388893146687906\MR_1.3.6.1.4.1.14519.5.2.1.5168.1900.403846276921856765058255762433
STS_014,1.3.6.1.4.1.14519.5.2.1.5168.1900.942338648450440418243974350559,MR,1.3.6.1.4.1.14519.5.2.1.5168.1900.201357586849407388893146687906,114,C:\sts_data\soft_tissue_sarcoma\soft_tissue_sarcoma\STS_014\1.3.6.1.4.1.14519.5.2.1.5168.1900.201357586849407388893146687906\MR_1.3.6.1.4.1.14519.5.2.1.5168.1900.942338648450440418243974350559
STS_014,1.3.6.1.4.1.14519.5.2.1.5168.1900.305805145453755771052496557435,PT,1.3.6.1.4.1.14519.5.2.1.5168.1900.201357586849407388893146687906,311,C:\sts_data\soft_tissue_sarcoma\soft_tissue_sarcoma\STS_014\1.3.6.1.4.1.14519.5.2.1.5168.1900.201357586849407388893146687906\PT_1.3.6.1.4.1.14519.5.2.1.5168.1900.305805145453755771052496557435
STS_014,1.3.6.1.4.1.14519.5.2.1.5168.1900.234295925950966225027768252191,RTSTRUCT,1.3.6.1.4.1.14519.5.2.1.5168.1900.201357586849407388893146687906,1,C:\sts_data\soft_tissue_sarcoma\soft_tissue_sarcoma\STS_014\1.3.6.1.4.1.14519.5.2.1.5168.1900.201357586849407388893146687906\RTSTRUCT_1.3.6.1.4.1.14519.5.2.1.5168.1900.234295925950966225027768252191
STS_014,1.3.6.1.4.1.14519.5.2.1.5168.1900.259803143032376026907305886121,RTSTRUCT,1.3.6.1.4.1.14519.5.2.1.5168.1900.201357586849407388893146687906,1,C:\sts_data\soft_tissue_sarcoma\soft_tissue_sarcoma\STS_014\1.3.6.1.4.1.14519.5.2.1.5168.1900.201357586849407388893146687906\RTSTRUCT_1.3.6.1.4.1.14519.5.2.1.5168.1900.259803143032376026907305886121
STS_014,1.3.6.1.4.1.14519.5.2.1.5168.1900.297054066424366743749352274366,RTSTRUCT,1.3.6.1.4.1.14519.5.2.1.5168.1900.201357586849407388893146687906,1,C:\sts_data\soft_tissue_sarcoma\soft_tissue_sarcoma\STS_014\1.3.6.1.4.1.14519.5.2.1.5168.1900.201357586849407388893146687906\RTSTRUCT_1.3.6.1.4.1.14519.5.2.1.5168.1900.297054066424366743749352274366
STS_014,1.3.6.1.4.1.14519.5.2.1.5168.1900.305587228081181539142687061855,RTSTRUCT,1.3.6.1.4.1.14519.5.2.1.5168.1900.201357586849407388893146687906,1,C:\sts_data\soft_tissue_sarcoma\soft_tissue_sarcoma\STS_014\1.3.6.1.4.1.14519.5.2.1.5168.1900.201357586849407388893146687906\RTSTRUCT_1.3.6.1.4.1.14519.5.2.1.5168.1900.305587228081181539142687061855
STS_014,1.3.6.1.4.1.14519.5.2.1.5168.1900.195901281264900039997063449243,MR,1.3.6.1.4.1.14519.5.2.1.5168.1900.217442582521709510680352762625,54,C:\sts_data\soft_tissue_sarcoma\soft_tissue_sarcoma\STS_014\1.3.6.1.4.1.14519.5.2.1.5168.1900.217442582521709510680352762625\MR_1.3.6.1.4.1.14519.5.2.1.5168.1900.195901281264900039997063449243
STS_014,1.3.6.1.4.1.14519.5.2.1.5168.1900.318635353434682000166950888874,MR,1.3.6.1.4.1.14519.5.2.1.5168.1900.217442582521709510680352762625,54,C:\sts_data\soft_tissue_sarcoma\soft_tissue_sarcoma\STS_014\1.3.6.1.4.1.14519.5.2.1.5168.1900.217442582521709510680352762625\MR_1.3.6.1.4.1.14519.5.2.1.5168.1900.318635353434682000166950888874
STS_014,1.3.6.1.4.1.14519.5.2.1.5168.1900.262258533015677091628518930580,RTSTRUCT,1.3.6.1.4.1.14519.5.2.1.5168.1900.217442582521709510680352762625,1,C:\sts_data\soft_tissue_sarcoma\soft_tissue_sarcoma\STS_014\1.3.6.1.4.1.14519.5.2.1.5168.1900.217442582521709510680352762625\RTSTRUCT_1.3.6.1.4.1.14519.5.2.1.5168.1900.262258533015677091628518930580
STS_014,1.3.6.1.4.1.14519.5.2.1.5168.1900.297727100935774895117882256661,RTSTRUCT,1.3.6.1.4.1.14519.5.2.1.5168.1900.217442582521709510680352762625,1,C:\sts_data\soft_tissue_sarcoma\soft_tissue_sarcoma\STS_014\1.3.6.1.4.1.14519.5.2.1.5168.1900.217442582521709510680352762625\RTSTRUCT_1.3.6.1.4.1.14519.5.2.1.5168.1900.297727100935774895117882256661
STS_015,1.3.6.1.4.1.14519.5.2.1.5168.1900.280974839945591691939678349459,CT,1.3.6.1.4.1.14519.5.2.1.5168.1900.323996417666537022977866127668,267,C:\sts_data\soft_tissue_sarcoma\soft_tissue_sarcoma\STS_015\1.3.6.1.4.1.14519.5.2.1.5168.1900.323996417666537022977866127668\CT_1.3.6.1.4.1.14519.5.2.1.5168.1900.280974839945591691939678349459
STS_015,1.3.6.1.4.1.14519.5.2.1.5168.1900.143564283493271515839356633503,MR,1.3.6.1.4.1.14519.5.2.1.5168.1900.323996417666537022977866127668,48,C:\sts_data\soft_tissue_sarcoma\soft_tissue_sarcoma\STS_015\1.3.6.1.4.1.14519.5.2.1.5168.1900.323996417666537022977866127668\MR_1.3.6.1.4.1.14519.5.2.1.5168.1900.143564283493271515839356633503
STS_015,1.3.6.1.4.1.14519.5.2.1.5168.1900.253434558914077909415489783956,MR,1.3.6.1.4.1.14519.5.2.1.5168.1900.323996417666537022977866127668,46,C:\sts_data\soft_tissue_sarcoma\soft_tissue_sarcoma\STS_015\1.3.6.1.4.1.14519.5.2.1.5168.1900.323996417666537022977866127668\MR_1.3.6.1.4.1.14519.5.2.1.5168.1900.253434558914077909415489783956
STS_015,1.3.6.1.4.1.14519.5.2.1.5168.1900.288714161843409225913789741971,PT,1.3.6.1.4.1.14519.5.2.1.5168.1900.323996417666537022977866127668,267,C:\sts_data\soft_tissue_sarcoma\soft_tissue_sarcoma\STS_015\1.3.6.1.4.1.14519.5.2.1.5168.1900.323996417666537022977866127668\PT_1.3.6.1.4.1.14519.5.2.1.5168.1900.288714161843409225913789741971
STS_015,1.3.6.1.4.1.14519.5.2.1.5168.1900.200802679244950021095434960608,RTSTRUCT,1.3.6.1.4.1.14519.5.2.1.5168.1900.323996417666537022977866127668,1,C:\sts_data\soft_tissue_sarcoma\soft_tissue_sarcoma\STS_015\1.3.6.1.4.1.14519.5.2.1.5168.1900.323996417666537022977866127668\RTSTRUCT_1.3.6.1.4.1.14519.5.2.1.5168.1900.200802679244950021095434960608
STS_015,1.3.6.1.4.1.14519.5.2.1.5168.1900.273349071756168400169423821941,RTSTRUCT,1.3.6.1.4.1.14519.5.2.1.5168.1900.323996417666537022977866127668,1,C:\sts_data\soft_tissue_sarcoma\soft_tissue_sarcoma\STS_015\1.3.6.1.4.1.14519.5.2.1.5168.1900.323996417666537022977866127668\RTSTRUCT_1.3.6.1.4.1.14519.5.2.1.5168.1900.273349071756168400169423821941
STS_015,1.3.6.1.4.1.14519.5.2.1.5168.1900.596618751155955600877037167937,RTSTRUCT,1.3.6.1.4.1.14519.5.2.1.5168.1900.323996417666537022977866127668,1,C:\sts_data\soft_tissue_sarcoma\soft_tissue_sarcoma\STS_015\1.3.6.1.4.1.14519.5.2.1.5168.1900.323996417666537022977866127668\RTSTRUCT_1.3.6.1.4.1.14519.5.2.1.5168.1900.596618751155955600877037167937
STS_015,1.3.6.1.4.1.14519.5.2.1.5168.1900.642822931577933725751147920192,RTSTRUCT,1.3.6.1.4.1.14519.5.2.1.5168.1900.323996417666537022977866127668,1,C:\sts_data\soft_tissue_sarcoma\soft_tissue_sarcoma\STS_015\1.3.6.1.4.1.14519.5.2.1.5168.1900.323996417666537022977866127668\RTSTRUCT_1.3.6.1.4.1.14519.5.2.1.5168.1900.642822931577933725751147920192
STS_015,1.3.6.1.4.1.14519.5.2.1.5168.1900.116282272307666898772580602852,MR,1.3.6.1.4.1.14519.5.2.1.5168.1900.803499266190716246383031845454,30,C:\sts_data\soft_tissue_sarcoma\soft_tissue_sarcoma\STS_015\1.3.6.1.4.1.14519.5.2.1.5168.1900.803499266190716246383031845454\MR_1.3.6.1.4.1.14519.5.2.1.5168.1900.116282272307666898772580602852
STS_015,1.3.6.1.4.1.14519.5.2.1.5168.1900.204371304196588275927970751357,MR,1.3.6.1.4.1.14519.5.2.1.5168.1900.803499266190716246383031845454,30,C:\sts_data\soft_tissue_sarcoma\soft_tissue_sarcoma\STS_015\1.3.6.1.4.1.14519.5.2.1.5168.1900.803499266190716246383031845454\MR_1.3.6.1.4.1.14519.5.2.1.5168.1900.204371304196588275927970751357
STS_015,1.3.6.1.4.1.14519.5.2.1.5168.1900.172041112228329726164581652860,RTSTRUCT,1.3.6.1.4.1.14519.5.2.1.5168.1900.803499266190716246383031845454,1,C:\sts_data\soft_tissue_sarcoma\soft_tissue_sarcoma\STS_015\1.3.6.1.4.1.14519.5.2.1.5168.1900.803499266190716246383031845454\RTSTRUCT_1.3.6.1.4.1.14519.5.2.1.5168.1900.172041112228329726164581652860
STS_015,1.3.6.1.4.1.14519.5.2.1.5168.1900.254945095758239105417317767474,RTSTRUCT,1.3.6.1.4.1.14519.5.2.1.5168.1900.803499266190716246383031845454,1,C:\sts_data\soft_tissue_sarcoma\soft_tissue_sarcoma\STS_015\1.3.6.1.4.1.14519.5.2.1.5168.1900.803499266190716246383031845454\RTSTRUCT_1.3.6.1.4.1.14519.5.2.1.5168.1900.254945095758239105417317767474
STS_016,1.3.6.1.4.1.14519.5.2.1.5168.1900.261658826055074955516950744155,MR,1.3.6.1.4.1.14519.5.2.1.5168.1900.181126841199458877802601213878,21,C:\sts_data\soft_tissue_sarcoma\soft_tissue_sarcoma\STS_016\1.3.6.1.4.1.14519.5.2.1.5168.1900.181126841199458877802601213878\MR_1.3.6.1.4.1.14519.5.2.1.5168.1900.261658826055074955516950744155
STS_016,1.3.6.1.4.1.14519.5.2.1.5168.1900.970033975085870887235847474245,MR,1.3.6.1.4.1.14519.5.2.1.5168.1900.181126841199458877802601213878,21,C:\sts_data\soft_tissue_sarcoma\soft_tissue_sarcoma\STS_016\1.3.6.1.4.1.14519.5.2.1.5168.1900.181126841199458877802601213878\MR_1.3.6.1.4.1.14519.5.2.1.5168.1900.970033975085870887235847474245
STS_016,1.3.6.1.4.1.14519.5.2.1.5168.1900.212678791192826181216608693024,RTSTRUCT,1.3.6.1.4.1.14519.5.2.1.5168.1900.181126841199458877802601213878,1,C:\sts_data\soft_tissue_sarcoma\soft_tissue_sarcoma\STS_016\1.3.6.1.4.1.14519.5.2.1.5168.1900.181126841199458877802601213878\RTSTRUCT_1.3.6.1.4.1.14519.5.2.1.5168.1900.212678791192826181216608693024
STS_016,1.3.6.1.4.1.14519.5.2.1.5168.1900.298095652318281787209821096516,RTSTRUCT,1.3.6.1.4.1.14519.5.2.1.5168.1900.181126841199458877802601213878,1,C:\sts_data\soft_tissue_sarcoma\soft_tissue_sarcoma\STS_016\1.3.6.1.4.1.14519.5.2.1.5168.1900.181126841199458877802601213878\RTSTRUCT_1.3.6.1.4.1.14519.5.2.1.5168.1900.298095652318281787209821096516
STS_016,1.3.6.1.4.1.14519.5.2.1.5168.1900.147148200898069708586187792692,CT,1.3.6.1.4.1.14519.5.2.1.5168.1900.292175062573676029841774637313,267,C:\sts_data\soft_tissue_sarcoma\soft_tissue_sarcoma\STS_016\1.3.6.1.4.1.14519.5.2.1.5168.1900.292175062573676029841774637313\CT_1.3.6.1.4.1.14519.5.2.1.5168.1900.147148200898069708586187792692
STS_016,1.3.6.1.4.1.14519.5.2.1.5168.1900.104095083171190125503518618022,MR,1.3.6.1.4.1.14519.5.2.1.5168.1900.292175062573676029841774637313,85,C:\sts_data\soft_tissue_sarcoma\soft_tissue_sarcoma\STS_016\1.3.6.1.4.1.14519.5.2.1.5168.1900.292175062573676029841774637313\MR_1.3.6.1.4.1.14519.5.2.1.5168.1900.104095083171190125503518618022
STS_016,1.3.6.1.4.1.14519.5.2.1.5168.1900.303720832406418275057423472122,MR,1.3.6.1.4.1.14519.5.2.1.5168.1900.292175062573676029841774637313,83,C:\sts_data\soft_tissue_sarcoma\soft_tissue_sarcoma\STS_016\1.3.6.1.4.1.14519.5.2.1.5168.1900.292175062573676029841774637313\MR_1.3.6.1.4.1.14519.5.2.1.5168.1900.303720832406418275057423472122
STS_016,1.3.6.1.4.1.14519.5.2.1.5168.1900.149120084675371732010275341580,PT,1.3.6.1.4.1.14519.5.2.1.5168.1900.292175062573676029841774637313,267,C:\sts_data\soft_tissue_sarcoma\soft_tissue_sarcoma\STS_016\1.3.6.1.4.1.14519.5.2.1.5168.1900.292175062573676029841774637313\PT_1.3.6.1.4.1.14519.5.2.1.5168.1900.149120084675371732010275341580
STS_016,1.3.6.1.4.1.14519.5.2.1.5168.1900.252286753812659916924983494371,RTSTRUCT,1.3.6.1.4.1.14519.5.2.1.5168.1900.292175062573676029841774637313,1,C:\sts_data\soft_tissue_sarcoma\soft_tissue_sarcoma\STS_016\1.3.6.1.4.1.14519.5.2.1.5168.1900.292175062573676029841774637313\RTSTRUCT_1.3.6.1.4.1.14519.5.2.1.5168.1900.252286753812659916924983494371
STS_016,1.3.6.1.4.1.14519.5.2.1.5168.1900.256635281696836993505288026355,RTSTRUCT,1.3.6.1.4.1.14519.5.2.1.5168.1900.292175062573676029841774637313,1,C:\sts_data\soft_tissue_sarcoma\soft_tissue_sarcoma\STS_016\1.3.6.1.4.1.14519.5.2.1.5168.1900.292175062573676029841774637313\RTSTRUCT_1.3.6.1.4.1.14519.5.2.1.5168.1900.256635281696836993505288026355
STS_016,1.3.6.1.4.1.14519.5.2.1.5168.1900.263645593335569105286829842213,RTSTRUCT,1.3.6.1.4.1.14519.5.2.1.5168.1900.292175062573676029841774637313,1,C:\sts_data\soft_tissue_sarcoma\soft_tissue_sarcoma\STS_016\1.3.6.1.4.1.14519.5.2.1.5168.1900.292175062573676029841774637313\RTSTRUCT_1.3.6.1.4.1.14519.5.2.1.5168.1900.263645593335569105286829842213
STS_016,1.3.6.1.4.1.14519.5.2.1.5168.1900.268889853793568245413357193719,RTSTRUCT,1.3.6.1.4.1.14519.5.2.1.5168.1900.292175062573676029841774637313,1,C:\sts_data\soft_tissue_sarcoma\soft_tissue_sarcoma\STS_016\1.3.6.1.4.1.14519.5.2.1.5168.1900.292175062573676029841774637313\RTSTRUCT_1.3.6.1.4.1.14519.5.2.1.5168.1900.268889853793568245413357193719
STS_017,1.3.6.1.4.1.14519.5.2.1.5168.1900.841006597986679454940023131048,CT,1.3.6.1.4.1.14519.5.2.1.5168.1900.318917886999524169009494558596,267,C:\sts_data\soft_tissue_sarcoma\soft_tissue_sarcoma\STS_017\1.3.6.1.4.1.14519.5.2.1.5168.1900.318917886999524169009494558596\CT_1.3.6.1.4.1.14519.5.2.1.5168.1900.841006597986679454940023131048
STS_017,1.3.6.1.4.1.14519.5.2.1.5168.1900.208500277113137201294551976908,MR,1.3.6.1.4.1.14519.5.2.1.5168.1900.318917886999524169009494558596,57,C:\sts_data\soft_tissue_sarcoma\soft_tissue_sarcoma\STS_017\1.3.6.1.4.1.14519.5.2.1.5168.1900.318917886999524169009494558596\MR_1.3.6.1.4.1.14519.5.2.1.5168.1900.208500277113137201294551976908
STS_017,1.3.6.1.4.1.14519.5.2.1.5168.1900.306604345063022947002105110571,MR,1.3.6.1.4.1.14519.5.2.1.5168.1900.318917886999524169009494558596,56,C:\sts_data\soft_tissue_sarcoma\soft_tissue_sarcoma\STS_017\1.3.6.1.4.1.14519.5.2.1.5168.1900.318917886999524169009494558596\MR_1.3.6.1.4.1.14519.5.2.1.5168.1900.306604345063022947002105110571
STS_017,1.3.6.1.4.1.14519.5.2.1.5168.1900.247951405185854911890628717007,PT,1.3.6.1.4.1.14519.5.2.1.5168.1900.318917886999524169009494558596,267,C:\sts_data\soft_tissue_sarcoma\soft_tissue_sarcoma\STS_017\1.3.6.1.4.1.14519.5.2.1.5168.1900.318917886999524169009494558596\PT_1.3.6.1.4.1.14519.5.2.1.5168.1900.247951405185854911890628717007
STS_017,1.3.6.1.4.1.14519.5.2.1.5168.1900.121545923763956475670228658164,RTSTRUCT,1.3.6.1.4.1.14519.5.2.1.5168.1900.318917886999524169009494558596,1,C:\sts_data\soft_tissue_sarcoma\soft_tissue_sarcoma\STS_017\1.3.6.1.4.1.14519.5.2.1.5168.1900.318917886999524169009494558596\RTSTRUCT_1.3.6.1.4.1.14519.5.2.1.5168.1900.121545923763956475670228658164
STS_017,1.3.6.1.4.1.14519.5.2.1.5168.1900.130075650693403979336370381453,RTSTRUCT,1.3.6.1.4.1.14519.5.2.1.5168.1900.318917886999524169009494558596,1,C:\sts_data\soft_tissue_sarcoma\soft_tissue_sarcoma\STS_017\1.3.6.1.4.1.14519.5.2.1.5168.1900.318917886999524169009494558596\RTSTRUCT_1.3.6.1.4.1.14519.5.2.1.5168.1900.130075650693403979336370381453
STS_017,1.3.6.1.4.1.14519.5.2.1.5168.1900.174532394196219868857193596443,RTSTRUCT,1.3.6.1.4.1.14519.5.2.1.5168.1900.318917886999524169009494558596,1,C:\sts_data\soft_tissue_sarcoma\soft_tissue_sarcoma\STS_017\1.3.6.1.4.1.14519.5.2.1.5168.1900.318917886999524169009494558596\RTSTRUCT_1.3.6.1.4.1.14519.5.2.1.5168.1900.174532394196219868857193596443
STS_017,1.3.6.1.4.1.14519.5.2.1.5168.1900.799689192069780249393195692654,RTSTRUCT,1.3.6.1.4.1.14519.5.2.1.5168.1900.318917886999524169009494558596,1,C:\sts_data\soft_tissue_sarcoma\soft_tissue_sarcoma\STS_017\1.3.6.1.4.1.14519.5.2.1.5168.1900.318917886999524169009494558596\RTSTRUCT_1.3.6.1.4.1.14519.5.2.1.5168.1900.799689192069780249393195692654
STS_017,1.3.6.1.4.1.14519.5.2.1.5168.1900.257483148158018534789871281880,MR,1.3.6.1.4.1.14519.5.2.1.5168.1900.436248226847521808546359430212,15,C:\sts_data\soft_tissue_sarcoma\soft_tissue_sarcoma\STS_017\1.3.6.1.4.1.14519.5.2.1.5168.1900.436248226847521808546359430212\MR_1.3.6.1.4.1.14519.5.2.1.5168.1900.257483148158018534789871281880
STS_017,1.3.6.1.4.1.14519.5.2.1.5168.1900.730085192587628993212048588030,MR,1.3.6.1.4.1.14519.5.2.1.5168.1900.436248226847521808546359430212,15,C:\sts_data\soft_tissue_sarcoma\soft_tissue_sarcoma\STS_017\1.3.6.1.4.1.14519.5.2.1.5168.1900.436248226847521808546359430212\MR_1.3.6.1.4.1.14519.5.2.1.5168.1900.730085192587628993212048588030
STS_017,1.3.6.1.4.1.14519.5.2.1.5168.1900.283441280205992252389530785580,RTSTRUCT,1.3.6.1.4.1.14519.5.2.1.5168.1900.436248226847521808546359430212,1,C:\sts_data\soft_tissue_sarcoma\soft_tissue_sarcoma\STS_017\1.3.6.1.4.1.14519.5.2.1.5168.1900.436248226847521808546359430212\RTSTRUCT_1.3.6.1.4.1.14519.5.2.1.5168.1900.283441280205992252389530785580
STS_017,1.3.6.1.4.1.14519.5.2.1.5168.1900.307075493446128985917276226872,RTSTRUCT,1.3.6.1.4.1.14519.5.2.1.5168.1900.436248226847521808546359430212,1,C:\sts_data\soft_tissue_sarcoma\soft_tissue_sarcoma\STS_017\1.3.6.1.4.1.14519.5.2.1.5168.1900.436248226847521808546359430212\RTSTRUCT_1.3.6.1.4.1.14519.5.2.1.5168.1900.307075493446128985917276226872
STS_018,1.3.6.1.4.1.14519.5.2.1.5168.1900.209544460916235211081549625478,CT,1.3.6.1.4.1.14519.5.2.1.5168.1900.142018566208841970371672861217,267,C:\sts_data\soft_tissue_sarcoma\soft_tissue_sarcoma\STS_018\1.3.6.1.4.1.14519.5.2.1.5168.1900.142018566208841970371672861217\CT_1.3.6.1.4.1.14519.5.2.1.5168.1900.209544460916235211081549625478
STS_018,1.3.6.1.4.1.14519.5.2.1.5168.1900.199565242865083259680630124954,MR,1.3.6.1.4.1.14519.5.2.1.5168.1900.142018566208841970371672861217,42,C:\sts_data\soft_tissue_sarcoma\soft_tissue_sarcoma\STS_018\1.3.6.1.4.1.14519.5.2.1.5168.1900.142018566208841970371672861217\MR_1.3.6.1.4.1.14519.5.2.1.5168.1900.199565242865083259680630124954
STS_018,1.3.6.1.4.1.14519.5.2.1.5168.1900.772128434412122787865865622729,MR,1.3.6.1.4.1.14519.5.2.1.5168.1900.142018566208841970371672861217,42,C:\sts_data\soft_tissue_sarcoma\soft_tissue_sarcoma\STS_018\1.3.6.1.4.1.14519.5.2.1.5168.1900.142018566208841970371672861217\MR_1.3.6.1.4.1.14519.5.2.1.5168.1900.772128434412122787865865622729
STS_018,1.3.6.1.4.1.14519.5.2.1.5168.1900.466829935433743290936615129645,PT,1.3.6.1.4.1.14519.5.2.1.5168.1900.142018566208841970371672861217,267,C:\sts_data\soft_tissue_sarcoma\soft_tissue_sarcoma\STS_018\1.3.6.1.4.1.14519.5.2.1.5168.1900.142018566208841970371672861217\PT_1.3.6.1.4.1.14519.5.2.1.5168.1900.466829935433743290936615129645
STS_018,1.3.6.1.4.1.14519.5.2.1.5168.1900.210106430581503156978890822697,RTSTRUCT,1.3.6.1.4.1.14519.5.2.1.5168.1900.142018566208841970371672861217,1,C:\sts_data\soft_tissue_sarcoma\soft_tissue_sarcoma\STS_018\1.3.6.1.4.1.14519.5.2.1.5168.1900.142018566208841970371672861217\RTSTRUCT_1.3.6.1.4.1.14519.5.2.1.5168.1900.210106430581503156978890822697
STS_018,1.3.6.1.4.1.14519.5.2.1.5168.1900.249369148594550595286428854312,RTSTRUCT,1.3.6.1.4.1.14519.5.2.1.5168.1900.142018566208841970371672861217,1,C:\sts_data\soft_tissue_sarcoma\soft_tissue_sarcoma\STS_018\1.3.6.1.4.1.14519.5.2.1.5168.1900.142018566208841970371672861217\RTSTRUCT_1.3.6.1.4.1.14519.5.2.1.5168.1900.249369148594550595286428854312
STS_018,1.3.6.1.4.1.14519.5.2.1.5168.1900.275744839842779369644530766560,RTSTRUCT,1.3.6.1.4.1.14519.5.2.1.5168.1900.142018566208841970371672861217,1,C:\sts_data\soft_tissue_sarcoma\soft_tissue_sarcoma\STS_018\1.3.6.1.4.1.14519.5.2.1.5168.1900.142018566208841970371672861217\RTSTRUCT_1.3.6.1.4.1.14519.5.2.1.5168.1900.275744839842779369644530766560
STS_018,1.3.6.1.4.1.14519.5.2.1.5168.1900.286631183602116813776031366746,RTSTRUCT,1.3.6.1.4.1.14519.5.2.1.5168.1900.142018566208841970371672861217,1,C:\sts_data\soft_tissue_sarcoma\soft_tissue_sarcoma\STS_018\1.3.6.1.4.1.14519.5.2.1.5168.1900.142018566208841970371672861217\RTSTRUCT_1.3.6.1.4.1.14519.5.2.1.5168.1900.286631183602116813776031366746
STS_018,1.3.6.1.4.1.14519.5.2.1.5168.1900.248651241073318412327493263601,MR,1.3.6.1.4.1.14519.5.2.1.5168.1900.157038102368099146894464583211,42,C:\sts_data\soft_tissue_sarcoma\soft_tissue_sarcoma\STS_018\1.3.6.1.4.1.14519.5.2.1.5168.1900.157038102368099146894464583211\MR_1.3.6.1.4.1.14519.5.2.1.5168.1900.248651241073318412327493263601
STS_018,1.3.6.1.4.1.14519.5.2.1.5168.1900.275797706830644847544165749184,MR,1.3.6.1.4.1.14519.5.2.1.5168.1900.157038102368099146894464583211,42,C:\sts_data\soft_tissue_sarcoma\soft_tissue_sarcoma\STS_018\1.3.6.1.4.1.14519.5.2.1.5168.1900.157038102368099146894464583211\MR_1.3.6.1.4.1.14519.5.2.1.5168.1900.275797706830644847544165749184
STS_018,1.3.6.1.4.1.14519.5.2.1.5168.1900.171034247801666013167184519229,RTSTRUCT,1.3.6.1.4.1.14519.5.2.1.5168.1900.157038102368099146894464583211,1,C:\sts_data\soft_tissue_sarcoma\soft_tissue_sarcoma\STS_018\1.3.6.1.4.1.14519.5.2.1.5168.1900.157038102368099146894464583211\RTSTRUCT_1.3.6.1.4.1.14519.5.2.1.5168.1900.171034247801666013167184519229
STS_018,1.3.6.1.4.1.14519.5.2.1.5168.1900.896123268307868734357872109803,RTSTRUCT,1.3.6.1.4.1.14519.5.2.1.5168.1900.157038102368099146894464583211,1,C:\sts_data\soft_tissue_sarcoma\soft_tissue_sarcoma\STS_018\1.3.6.1.4.1.14519.5.2.1.5168.1900.157038102368099146894464583211\RTSTRUCT_1.3.6.1.4.1.14519.5.2.1.5168.1900.896123268307868734357872109803
STS_019,1.3.6.1.4.1.14519.5.2.1.5168.1900.283165018876034064226767213068,CT,1.3.6.1.4.1.14519.5.2.1.5168.1900.198832332572804112839384287913,179,C:\sts_data\soft_tissue_sarcoma\soft_tissue_sarcoma\STS_019\1.3.6.1.4.1.14519.5.2.1.5168.1900.198832332572804112839384287913\CT_1.3.6.1.4.1.14519.5.2.1.5168.1900.283165018876034064226767213068
STS_019,1.3.6.1.4.1.14519.5.2.1.5168.1900.340007060366823560788118639287,MR,1.3.6.1.4.1.14519.5.2.1.5168.1900.198832332572804112839384287913,88,C:\sts_data\soft_tissue_sarcoma\soft_tissue_sarcoma\STS_019\1.3.6.1.4.1.14519.5.2.1.5168.1900.198832332572804112839384287913\MR_1.3.6.1.4.1.14519.5.2.1.5168.1900.340007060366823560788118639287
STS_019,1.3.6.1.4.1.14519.5.2.1.5168.1900.827518767017042122455054319291,MR,1.3.6.1.4.1.14519.5.2.1.5168.1900.198832332572804112839384287913,88,C:\sts_data\soft_tissue_sarcoma\soft_tissue_sarcoma\STS_019\1.3.6.1.4.1.14519.5.2.1.5168.1900.198832332572804112839384287913\MR_1.3.6.1.4.1.14519.5.2.1.5168.1900.827518767017042122455054319291
STS_019,1.3.6.1.4.1.14519.5.2.1.5168.1900.263709468711046057511796917819,PT,1.3.6.1.4.1.14519.5.2.1.5168.1900.198832332572804112839384287913,179,C:\sts_data\soft_tissue_sarcoma\soft_tissue_sarcoma\STS_019\1.3.6.1.4.1.14519.5.2.1.5168.1900.198832332572804112839384287913\PT_1.3.6.1.4.1.14519.5.2.1.5168.1900.263709468711046057511796917819
STS_019,1.3.6.1.4.1.14519.5.2.1.5168.1900.180282945411961650585990688536,RTSTRUCT,1.3.6.1.4.1.14519.5.2.1.5168.1900.198832332572804112839384287913,1,C:\sts_data\soft_tissue_sarcoma\soft_tissue_sarcoma\STS_019\1.3.6.1.4.1.14519.5.2.1.5168.1900.198832332572804112839384287913\RTSTRUCT_1.3.6.1.4.1.14519.5.2.1.5168.1900.180282945411961650585990688536
STS_019,1.3.6.1.4.1.14519.5.2.1.5168.1900.210487462687096539758670049401,RTSTRUCT,1.3.6.1.4.1.14519.5.2.1.5168.1900.198832332572804112839384287913,1,C:\sts_data\soft_tissue_sarcoma\soft_tissue_sarcoma\STS_019\1.3.6.1.4.1.14519.5.2.1.5168.1900.198832332572804112839384287913\RTSTRUCT_1.3.6.1.4.1.14519.5.2.1.5168.1900.210487462687096539758670049401
STS_019,1.3.6.1.4.1.14519.5.2.1.5168.1900.226584338020050557050926312539,RTSTRUCT,1.3.6.1.4.1.14519.5.2.1.5168.1900.198832332572804112839384287913,1,C:\sts_data\soft_tissue_sarcoma\soft_tissue_sarcoma\STS_019\1.3.6.1.4.1.14519.5.2.1.5168.1900.198832332572804112839384287913\RTSTRUCT_1.3.6.1.4.1.14519.5.2.1.5168.1900.226584338020050557050926312539
STS_019,1.3.6.1.4.1.14519.5.2.1.5168.1900.297459769935281229691200592633,RTSTRUCT,1.3.6.1.4.1.14519.5.2.1.5168.1900.198832332572804112839384287913,1,C:\sts_data\soft_tissue_sarcoma\soft_tissue_sarcoma\STS_019\1.3.6.1.4.1.14519.5.2.1.5168.1900.198832332572804112839384287913\RTSTRUCT_1.3.6.1.4.1.14519.5.2.1.5168.1900.297459769935281229691200592633
STS_019,1.3.6.1.4.1.14519.5.2.1.5168.1900.203497923839050218786093384226,MR,1.3.6.1.4.1.14519.5.2.1.5168.1900.808465983744990753160049411448,30,C:\sts_data\soft_tissue_sarcoma\soft_tissue_sarcoma\STS_019\1.3.6.1.4.1.14519.5.2.1.5168.1900.808465983744990753160049411448\MR_1.3.6.1.4.1.14519.5.2.1.5168.1900.203497923839050218786093384226
STS_019,1.3.6.1.4.1.14519.5.2.1.5168.1900.299305861997637987476691118907,MR,1.3.6.1.4.1.14519.5.2.1.5168.1900.808465983744990753160049411448,30,C:\sts_data\soft_tissue_sarcoma\soft_tissue_sarcoma\STS_019\1.3.6.1.4.1.14519.5.2.1.5168.1900.808465983744990753160049411448\MR_1.3.6.1.4.1.14519.5.2.1.5168.1900.299305861997637987476691118907
STS_019,1.3.6.1.4.1.14519.5.2.1.5168.1900.228341238724666723207814757188,RTSTRUCT,1.3.6.1.4.1.14519.5.2.1.5168.1900.808465983744990753160049411448,1,C:\sts_data\soft_tissue_sarcoma\soft_tissue_sarcoma\STS_019\1.3.6.1.4.1.14519.5.2.1.5168.1900.808465983744990753160049411448\RTSTRUCT_1.3.6.1.4.1.14519.5.2.1.5168.1900.228341238724666723207814757188
STS_019,1.3.6.1.4.1.14519.5.2.1.5168.1900.924193012814652342754632257062,RTSTRUCT,1.3.6.1.4.1.14519.5.2.1.5168.1900.808465983744990753160049411448,1,C:\sts_data\soft_tissue_sarcoma\soft_tissue_sarcoma\STS_019\1.3.6.1.4.1.14519.5.2.1.5168.1900.808465983744990753160049411448\RTSTRUCT_1.3.6.1.4.1.14519.5.2.1.5168.1900.924193012814652342754632257062
STS_020,1.3.6.1.4.1.14519.5.2.1.5168.1900.101157489241943635211782299237,MR,1.3.6.1.4.1.14519.5.2.1.5168.1900.298197801662493866230089517321,32,C:\sts_data\soft_tissue_sarcoma\soft_tissue_sarcoma\STS_020\1.3.6.1.4.1.14519.5.2.1.5168.1900.298197801662493866230089517321\MR_1.3.6.1.4.1.14519.5.2.1.5168.1900.101157489241943635211782299237
STS_020,1.3.6.1.4.1.14519.5.2.1.5168.1900.180149795845416300113932304406,MR,1.3.6.1.4.1.14519.5.2.1.5168.1900.298197801662493866230089517321,30,C:\sts_data\soft_tissue_sarcoma\soft_tissue_sarcoma\STS_020\1.3.6.1.4.1.14519.5.2.1.5168.1900.298197801662493866230089517321\MR_1.3.6.1.4.1.14519.5.2.1.5168.1900.180149795845416300113932304406
STS_020,1.3.6.1.4.1.14519.5.2.1.5168.1900.226681378423997658202754414709,RTSTRUCT,1.3.6.1.4.1.14519.5.2.1.5168.1900.298197801662493866230089517321,1,C:\sts_data\soft_tissue_sarcoma\soft_tissue_sarcoma\STS_020\1.3.6.1.4.1.14519.5.2.1.5168.1900.298197801662493866230089517321\RTSTRUCT_1.3.6.1.4.1.14519.5.2.1.5168.1900.226681378423997658202754414709
STS_020,1.3.6.1.4.1.14519.5.2.1.5168.1900.288779394587720844550199824122,RTSTRUCT,1.3.6.1.4.1.14519.5.2.1.5168.1900.298197801662493866230089517321,1,C:\sts_data\soft_tissue_sarcoma\soft_tissue_sarcoma\STS_020\1.3.6.1.4.1.14519.5.2.1.5168.1900.298197801662493866230089517321\RTSTRUCT_1.3.6.1.4.1.14519.5.2.1.5168.1900.288779394587720844550199824122
STS_020,1.3.6.1.4.1.14519.5.2.1.5168.1900.809109566107366454700895181525,CT,1.3.6.1.4.1.14519.5.2.1.5168.1900.315961517973235440663289825949,267,C:\sts_data\soft_tissue_sarcoma\soft_tissue_sarcoma\STS_020\1.3.6.1.4.1.14519.5.2.1.5168.1900.315961517973235440663289825949\CT_1.3.6.1.4.1.14519.5.2.1.5168.1900.809109566107366454700895181525
STS_020,1.3.6.1.4.1.14519.5.2.1.5168.1900.153750654905087961192078617177,MR,1.3.6.1.4.1.14519.5.2.1.5168.1900.315961517973235440663289825949,131,C:\sts_data\soft_tissue_sarcoma\soft_tissue_sarcoma\STS_020\1.3.6.1.4.1.14519.5.2.1.5168.1900.315961517973235440663289825949\MR_1.3.6.1.4.1.14519.5.2.1.5168.1900.153750654905087961192078617177
STS_020,1.3.6.1.4.1.14519.5.2.1.5168.1900.486266290545604571763721661503,MR,1.3.6.1.4.1.14519.5.2.1.5168.1900.315961517973235440663289825949,127,C:\sts_data\soft_tissue_sarcoma\soft_tissue_sarcoma\STS_020\1.3.6.1.4.1.14519.5.2.1.5168.1900.315961517973235440663289825949\MR_1.3.6.1.4.1.14519.5.2.1.5168.1900.486266290545604571763721661503
STS_020,1.3.6.1.4.1.14519.5.2.1.5168.1900.462809463120080045614232078204,PT,1.3.6.1.4.1.14519.5.2.1.5168.1900.315961517973235440663289825949,267,C:\sts_data\soft_tissue_sarcoma\soft_tissue_sarcoma\STS_020\1.3.6.1.4.1.14519.5.2.1.5168.1900.315961517973235440663289825949\PT_1.3.6.1.4.1.14519.5.2.1.5168.1900.462809463120080045614232078204
STS_020,1.3.6.1.4.1.14519.5.2.1.5168.1900.198784260750810675517844404663,RTSTRUCT,1.3.6.1.4.1.14519.5.2.1.5168.1900.315961517973235440663289825949,1,C:\sts_data\soft_tissue_sarcoma\soft_tissue_sarcoma\STS_020\1.3.6.1.4.1.14519.5.2.1.5168.1900.315961517973235440663289825949\RTSTRUCT_1.3.6.1.4.1.14519.5.2.1.5168.1900.198784260750810675517844404663
STS_020,1.3.6.1.4.1.14519.5.2.1.5168.1900.304593503540800405412543982468,RTSTRUCT,1.3.6.1.4.1.14519.5.2.1.5168.1900.315961517973235440663289825949,1,C:\sts_data\soft_tissue_sarcoma\soft_tissue_sarcoma\STS_020\1.3.6.1.4.1.14519.5.2.1.5168.1900.315961517973235440663289825949\RTSTRUCT_1.3.6.1.4.1.14519.5.2.1.5168.1900.304593503540800405412543982468
STS_020,1.3.6.1.4.1.14519.5.2.1.5168.1900.336025483857684112697653818161,RTSTRUCT,1.3.6.1.4.1.14519.5.2.1.5168.1900.315961517973235440663289825949,1,C:\sts_data\soft_tissue_sarcoma\soft_tissue_sarcoma\STS_020\1.3.6.1.4.1.14519.5.2.1.5168.1900.315961517973235440663289825949\RTSTRUCT_1.3.6.1.4.1.14519.5.2.1.5168.1900.336025483857684112697653818161
STS_020,1.3.6.1.4.1.14519.5.2.1.5168.1900.903095309987323244205476571622,RTSTRUCT,1.3.6.1.4.1.14519.5.2.1.5168.1900.315961517973235440663289825949,1,C:\sts_data\soft_tissue_sarcoma\soft_tissue_sarcoma\STS_020\1.3.6.1.4.1.14519.5.2.1.5168.1900.315961517973235440663289825949\RTSTRUCT_1.3.6.1.4.1.14519.5.2.1.5168.1900.903095309987323244205476571622
STS_021,1.3.6.1.4.1.14519.5.2.1.5168.1900.261330247004115089326337003719,CT,1.3.6.1.4.1.14519.5.2.1.5168.1900.181069758808563380996767573109,311,C:\sts_data\soft_tissue_sarcoma\soft_tissue_sarcoma\STS_021\1.3.6.1.4.1.14519.5.2.1.5168.1900.181069758808563380996767573109\CT_1.3.6.1.4.1.14519.5.2.1.5168.1900.261330247004115089326337003719
STS_021,1.3.6.1.4.1.14519.5.2.1.5168.1900.321666917678559353462418010248,MR,1.3.6.1.4.1.14519.5.2.1.5168.1900.181069758808563380996767573109,89,C:\sts_data\soft_tissue_sarcoma\soft_tissue_sarcoma\STS_021\1.3.6.1.4.1.14519.5.2.1.5168.1900.181069758808563380996767573109\MR_1.3.6.1.4.1.14519.5.2.1.5168.1900.321666917678559353462418010248
STS_021,1.3.6.1.4.1.14519.5.2.1.5168.1900.899578314688904421849430769317,MR,1.3.6.1.4.1.14519.5.2.1.5168.1900.181069758808563380996767573109,93,C:\sts_data\soft_tissue_sarcoma\soft_tissue_sarcoma\STS_021\1.3.6.1.4.1.14519.5.2.1.5168.1900.181069758808563380996767573109\MR_1.3.6.1.4.1.14519.5.2.1.5168.1900.899578314688904421849430769317
STS_021,1.3.6.1.4.1.14519.5.2.1.5168.1900.478798607441601081559060312507,PT,1.3.6.1.4.1.14519.5.2.1.5168.1900.181069758808563380996767573109,311,C:\sts_data\soft_tissue_sarcoma\soft_tissue_sarcoma\STS_021\1.3.6.1.4.1.14519.5.2.1.5168.1900.181069758808563380996767573109\PT_1.3.6.1.4.1.14519.5.2.1.5168.1900.478798607441601081559060312507
STS_021,1.3.6.1.4.1.14519.5.2.1.5168.1900.183274329290374688197548683497,RTSTRUCT,1.3.6.1.4.1.14519.5.2.1.5168.1900.181069758808563380996767573109,1,C:\sts_data\soft_tissue_sarcoma\soft_tissue_sarcoma\STS_021\1.3.6.1.4.1.14519.5.2.1.5168.1900.181069758808563380996767573109\RTSTRUCT_1.3.6.1.4.1.14519.5.2.1.5168.1900.183274329290374688197548683497
STS_021,1.3.6.1.4.1.14519.5.2.1.5168.1900.310816073342264653209629824535,RTSTRUCT,1.3.6.1.4.1.14519.5.2.1.5168.1900.181069758808563380996767573109,1,C:\sts_data\soft_tissue_sarcoma\soft_tissue_sarcoma\STS_021\1.3.6.1.4.1.14519.5.2.1.5168.1900.181069758808563380996767573109\RTSTRUCT_1.3.6.1.4.1.14519.5.2.1.5168.1900.310816073342264653209629824535
STS_021,1.3.6.1.4.1.14519.5.2.1.5168.1900.335862507666046957735757676961,RTSTRUCT,1.3.6.1.4.1.14519.5.2.1.5168.1900.181069758808563380996767573109,1,C:\sts_data\soft_tissue_sarcoma\soft_tissue_sarcoma\STS_021\1.3.6.1.4.1.14519.5.2.1.5168.1900.181069758808563380996767573109\RTSTRUCT_1.3.6.1.4.1.14519.5.2.1.5168.1900.335862507666046957735757676961
STS_021,1.3.6.1.4.1.14519.5.2.1.5168.1900.678066704297198833403050349041,RTSTRUCT,1.3.6.1.4.1.14519.5.2.1.5168.1900.181069758808563380996767573109,1,C:\sts_data\soft_tissue_sarcoma\soft_tissue_sarcoma\STS_021\1.3.6.1.4.1.14519.5.2.1.5168.1900.181069758808563380996767573109\RTSTRUCT_1.3.6.1.4.1.14519.5.2.1.5168.1900.678066704297198833403050349041
STS_021,1.3.6.1.4.1.14519.5.2.1.5168.1900.257277909693766520666838202731,MR,1.3.6.1.4.1.14519.5.2.1.5168.1900.261694019559712782259050022244,24,C:\sts_data\soft_tissue_sarcoma\soft_tissue_sarcoma\STS_021\1.3.6.1.4.1.14519.5.2.1.5168.1900.261694019559712782259050022244\MR_1.3.6.1.4.1.14519.5.2.1.5168.1900.257277909693766520666838202731
STS_021,1.3.6.1.4.1.14519.5.2.1.5168.1900.259338022910456652927541442975,MR,1.3.6.1.4.1.14519.5.2.1.5168.1900.261694019559712782259050022244,24,C:\sts_data\soft_tissue_sarcoma\soft_tissue_sarcoma\STS_021\1.3.6.1.4.1.14519.5.2.1.5168.1900.261694019559712782259050022244\MR_1.3.6.1.4.1.14519.5.2.1.5168.1900.259338022910456652927541442975
STS_021,1.3.6.1.4.1.14519.5.2.1.5168.1900.288233266175302037443522850962,RTSTRUCT,1.3.6.1.4.1.14519.5.2.1.5168.1900.261694019559712782259050022244,1,C:\sts_data\soft_tissue_sarcoma\soft_tissue_sarcoma\STS_021\1.3.6.1.4.1.14519.5.2.1.5168.1900.261694019559712782259050022244\RTSTRUCT_1.3.6.1.4.1.14519.5.2.1.5168.1900.288233266175302037443522850962
STS_021,1.3.6.1.4.1.14519.5.2.1.5168.1900.830684440746510760400727622033,RTSTRUCT,1.3.6.1.4.1.14519.5.2.1.5168.1900.261694019559712782259050022244,1,C:\sts_data\soft_tissue_sarcoma\soft_tissue_sarcoma\STS_021\1.3.6.1.4.1.14519.5.2.1.5168.1900.261694019559712782259050022244\RTSTRUCT_1.3.6.1.4.1.14519.5.2.1.5168.1900.830684440746510760400727622033
STS_022,1.3.6.1.4.1.14519.5.2.1.5168.1900.154664832055237836297899153059,CT,1.3.6.1.4.1.14519.5.2.1.5168.1900.203787444806068950769308567105,267,C:\sts_data\soft_tissue_sarcoma\soft_tissue_sarcoma\STS_022\1.3.6.1.4.1.14519.5.2.1.5168.1900.203787444806068950769308567105\CT_1.3.6.1.4.1.14519.5.2.1.5168.1900.154664832055237836297899153059
STS_022,1.3.6.1.4.1.14519.5.2.1.5168.1900.228405112628974275310685989576,MR,1.3.6.1.4.1.14519.5.2.1.5168.1900.203787444806068950769308567105,69,C:\sts_data\soft_tissue_sarcoma\soft_tissue_sarcoma\STS_022\1.3.6.1.4.1.14519.5.2.1.5168.1900.203787444806068950769308567105\MR_1.3.6.1.4.1.14519.5.2.1.5168.1900.228405112628974275310685989576
STS_022,1.3.6.1.4.1.14519.5.2.1.5168.1900.424022693507499761309213630668,MR,1.3.6.1.4.1.14519.5.2.1.5168.1900.203787444806068950769308567105,73,C:\sts_data\soft_tissue_sarcoma\soft_tissue_sarcoma\STS_022\1.3.6.1.4.1.14519.5.2.1.5168.1900.203787444806068950769308567105\MR_1.3.6.1.4.1.14519.5.2.1.5168.1900.424022693507499761309213630668
STS_022,1.3.6.1.4.1.14519.5.2.1.5168.1900.162745426010263141746414274481,PT,1.3.6.1.4.1.14519.5.2.1.5168.1900.203787444806068950769308567105,267,C:\sts_data\soft_tissue_sarcoma\soft_tissue_sarcoma\STS_022\1.3.6.1.4.1.14519.5.2.1.5168.1900.203787444806068950769308567105\PT_1.3.6.1.4.1.14519.5.2.1.5168.1900.162745426010263141746414274481
STS_022,1.3.6.1.4.1.14519.5.2.1.5168.1900.113793331665553974463358314611,RTSTRUCT,1.3.6.1.4.1.14519.5.2.1.5168.1900.203787444806068950769308567105,1,C:\sts_data\soft_tissue_sarcoma\soft_tissue_sarcoma\STS_022\1.3.6.1.4.1.14519.5.2.1.5168.1900.203787444806068950769308567105\RTSTRUCT_1.3.6.1.4.1.14519.5.2.1.5168.1900.113793331665553974463358314611
STS_022,1.3.6.1.4.1.14519.5.2.1.5168.1900.141256265627318397029868613726,RTSTRUCT,1.3.6.1.4.1.14519.5.2.1.5168.1900.203787444806068950769308567105,1,C:\sts_data\soft_tissue_sarcoma\soft_tissue_sarcoma\STS_022\1.3.6.1.4.1.14519.5.2.1.5168.1900.203787444806068950769308567105\RTSTRUCT_1.3.6.1.4.1.14519.5.2.1.5168.1900.141256265627318397029868613726
STS_022,1.3.6.1.4.1.14519.5.2.1.5168.1900.314067960845071797760979398795,RTSTRUCT,1.3.6.1.4.1.14519.5.2.1.5168.1900.203787444806068950769308567105,1,C:\sts_data\soft_tissue_sarcoma\soft_tissue_sarcoma\STS_022\1.3.6.1.4.1.14519.5.2.1.5168.1900.203787444806068950769308567105\RTSTRUCT_1.3.6.1.4.1.14519.5.2.1.5168.1900.314067960845071797760979398795
STS_022,1.3.6.1.4.1.14519.5.2.1.5168.1900.511529798438766511252617078026,RTSTRUCT,1.3.6.1.4.1.14519.5.2.1.5168.1900.203787444806068950769308567105,1,C:\sts_data\soft_tissue_sarcoma\soft_tissue_sarcoma\STS_022\1.3.6.1.4.1.14519.5.2.1.5168.1900.203787444806068950769308567105\RTSTRUCT_1.3.6.1.4.1.14519.5.2.1.5168.1900.511529798438766511252617078026
STS_022,1.3.6.1.4.1.14519.5.2.1.5168.1900.181070770592796760821942426511,MR,1.3.6.1.4.1.14519.5.2.1.5168.1900.247785840307772668807820662132,30,C:\sts_data\soft_tissue_sarcoma\soft_tissue_sarcoma\STS_022\1.3.6.1.4.1.14519.5.2.1.5168.1900.247785840307772668807820662132\MR_1.3.6.1.4.1.14519.5.2.1.5168.1900.181070770592796760821942426511
STS_022,1.3.6.1.4.1.14519.5.2.1.5168.1900.333662674074996177271762857181,MR,1.3.6.1.4.1.14519.5.2.1.5168.1900.247785840307772668807820662132,30,C:\sts_data\soft_tissue_sarcoma\soft_tissue_sarcoma\STS_022\1.3.6.1.4.1.14519.5.2.1.5168.1900.247785840307772668807820662132\MR_1.3.6.1.4.1.14519.5.2.1.5168.1900.333662674074996177271762857181
STS_022,1.3.6.1.4.1.14519.5.2.1.5168.1900.226260721596976704943546220370,RTSTRUCT,1.3.6.1.4.1.14519.5.2.1.5168.1900.247785840307772668807820662132,1,C:\sts_data\soft_tissue_sarcoma\soft_tissue_sarcoma\STS_022\1.3.6.1.4.1.14519.5.2.1.5168.1900.247785840307772668807820662132\RTSTRUCT_1.3.6.1.4.1.14519.5.2.1.5168.1900.226260721596976704943546220370
STS_022,1.3.6.1.4.1.14519.5.2.1.5168.1900.312045028146792610200622515780,RTSTRUCT,1.3.6.1.4.1.14519.5.2.1.5168.1900.247785840307772668807820662132,1,C:\sts_data\soft_tissue_sarcoma\soft_tissue_sarcoma\STS_022\1.3.6.1.4.1.14519.5.2.1.5168.1900.247785840307772668807820662132\RTSTRUCT_1.3.6.1.4.1.14519.5.2.1.5168.1900.312045028146792610200622515780
STS_023,1.3.6.1.4.1.14519.5.2.1.5168.1900.175515878213876901484311502092,MR,1.3.6.1.4.1.14519.5.2.1.5168.1900.127675494213068738003580755344,25,C:\sts_data\soft_tissue_sarcoma\soft_tissue_sarcoma\STS_023\1.3.6.1.4.1.14519.5.2.1.5168.1900.127675494213068738003580755344\MR_1.3.6.1.4.1.14519.5.2.1.5168.1900.175515878213876901484311502092
STS_023,1.3.6.1.4.1.14519.5.2.1.5168.1900.190579915786107382930390670453,MR,1.3.6.1.4.1.14519.5.2.1.5168.1900.127675494213068738003580755344,25,C:\sts_data\soft_tissue_sarcoma\soft_tissue_sarcoma\STS_023\1.3.6.1.4.1.14519.5.2.1.5168.1900.127675494213068738003580755344\MR_1.3.6.1.4.1.14519.5.2.1.5168.1900.190579915786107382930390670453
STS_023,1.3.6.1.4.1.14519.5.2.1.5168.1900.300685010146324027718425221638,RTSTRUCT,1.3.6.1.4.1.14519.5.2.1.5168.1900.127675494213068738003580755344,1,C:\sts_data\soft_tissue_sarcoma\soft_tissue_sarcoma\STS_023\1.3.6.1.4.1.14519.5.2.1.5168.1900.127675494213068738003580755344\RTSTRUCT_1.3.6.1.4.1.14519.5.2.1.5168.1900.300685010146324027718425221638
STS_023,1.3.6.1.4.1.14519.5.2.1.5168.1900.637387691013205209829451967120,RTSTRUCT,1.3.6.1.4.1.14519.5.2.1.5168.1900.127675494213068738003580755344,1,C:\sts_data\soft_tissue_sarcoma\soft_tissue_sarcoma\STS_023\1.3.6.1.4.1.14519.5.2.1.5168.1900.127675494213068738003580755344\RTSTRUCT_1.3.6.1.4.1.14519.5.2.1.5168.1900.637387691013205209829451967120
STS_023,1.3.6.1.4.1.14519.5.2.1.5168.1900.280037100827962489641744369764,CT,1.3.6.1.4.1.14519.5.2.1.5168.1900.182300223456390922381153270596,267,C:\sts_data\soft_tissue_sarcoma\soft_tissue_sarcoma\STS_023\1.3.6.1.4.1.14519.5.2.1.5168.1900.182300223456390922381153270596\CT_1.3.6.1.4.1.14519.5.2.1.5168.1900.280037100827962489641744369764
STS_023,1.3.6.1.4.1.14519.5.2.1.5168.1900.150093535961687685184105982200,MR,1.3.6.1.4.1.14519.5.2.1.5168.1900.182300223456390922381153270596,96,C:\sts_data\soft_tissue_sarcoma\soft_tissue_sarcoma\STS_023\1.3.6.1.4.1.14519.5.2.1.5168.1900.182300223456390922381153270596\MR_1.3.6.1.4.1.14519.5.2.1.5168.1900.150093535961687685184105982200
STS_023,1.3.6.1.4.1.14519.5.2.1.5168.1900.310719884314058579086259721423,MR,1.3.6.1.4.1.14519.5.2.1.5168.1900.182300223456390922381153270596,97,C:\sts_data\soft_tissue_sarcoma\soft_tissue_sarcoma\STS_023\1.3.6.1.4.1.14519.5.2.1.5168.1900.182300223456390922381153270596\MR_1.3.6.1.4.1.14519.5.2.1.5168.1900.310719884314058579086259721423
STS_023,1.3.6.1.4.1.14519.5.2.1.5168.1900.185606251815714846810086258747,PT,1.3.6.1.4.1.14519.5.2.1.5168.1900.182300223456390922381153270596,267,C:\sts_data\soft_tissue_sarcoma\soft_tissue_sarcoma\STS_023\1.3.6.1.4.1.14519.5.2.1.5168.1900.182300223456390922381153270596\PT_1.3.6.1.4.1.14519.5.2.1.5168.1900.185606251815714846810086258747
STS_023,1.3.6.1.4.1.14519.5.2.1.5168.1900.280127280649459029845183387090,RTSTRUCT,1.3.6.1.4.1.14519.5.2.1.5168.1900.182300223456390922381153270596,1,C:\sts_data\soft_tissue_sarcoma\soft_tissue_sarcoma\STS_023\1.3.6.1.4.1.14519.5.2.1.5168.1900.182300223456390922381153270596\RTSTRUCT_1.3.6.1.4.1.14519.5.2.1.5168.1900.280127280649459029845183387090
STS_023,1.3.6.1.4.1.14519.5.2.1.5168.1900.295433758498637555440146235469,RTSTRUCT,1.3.6.1.4.1.14519.5.2.1.5168.1900.182300223456390922381153270596,1,C:\sts_data\soft_tissue_sarcoma\soft_tissue_sarcoma\STS_023\1.3.6.1.4.1.14519.5.2.1.5168.1900.182300223456390922381153270596\RTSTRUCT_1.3.6.1.4.1.14519.5.2.1.5168.1900.295433758498637555440146235469
STS_023,1.3.6.1.4.1.14519.5.2.1.5168.1900.301562680178184903801502900701,RTSTRUCT,1.3.6.1.4.1.14519.5.2.1.5168.1900.182300223456390922381153270596,1,C:\sts_data\soft_tissue_sarcoma\soft_tissue_sarcoma\STS_023\1.3.6.1.4.1.14519.5.2.1.5168.1900.182300223456390922381153270596\RTSTRUCT_1.3.6.1.4.1.14519.5.2.1.5168.1900.301562680178184903801502900701
STS_023,1.3.6.1.4.1.14519.5.2.1.5168.1900.307270990182403668475344260318,RTSTRUCT,1.3.6.1.4.1.14519.5.2.1.5168.1900.182300223456390922381153270596,1,C:\sts_data\soft_tissue_sarcoma\soft_tissue_sarcoma\STS_023\1.3.6.1.4.1.14519.5.2.1.5168.1900.182300223456390922381153270596\RTSTRUCT_1.3.6.1.4.1.14519.5.2.1.5168.1900.307270990182403668475344260318
STS_024,1.3.6.1.4.1.14519.5.2.1.5168.1900.234834325837523458270924991126,CT,1.3.6.1.4.1.14519.5.2.1.5168.1900.165646201337804908211071116957,267,C:\sts_data\soft_tissue_sarcoma\soft_tissue_sarcoma\STS_024\1.3.6.1.4.1.14519.5.2.1.5168.1900.165646201337804908211071116957\CT_1.3.6.1.4.1.14519.5.2.1.5168.1900.234834325837523458270924991126
STS_024,1.3.6.1.4.1.14519.5.2.1.5168.1900.422296845519745633970379907415,MR,1.3.6.1.4.1.14519.5.2.1.5168.1900.165646201337804908211071116957,45,C:\sts_data\soft_tissue_sarcoma\soft_tissue_sarcoma\STS_024\1.3.6.1.4.1.14519.5.2.1.5168.1900.165646201337804908211071116957\MR_1.3.6.1.4.1.14519.5.2.1.5168.1900.422296845519745633970379907415
STS_024,1.3.6.1.4.1.14519.5.2.1.5168.1900.563041187195113241492948121523,MR,1.3.6.1.4.1.14519.5.2.1.5168.1900.165646201337804908211071116957,43,C:\sts_data\soft_tissue_sarcoma\soft_tissue_sarcoma\STS_024\1.3.6.1.4.1.14519.5.2.1.5168.1900.165646201337804908211071116957\MR_1.3.6.1.4.1.14519.5.2.1.5168.1900.563041187195113241492948121523
STS_024,1.3.6.1.4.1.14519.5.2.1.5168.1900.532032012097900708663952407573,PT,1.3.6.1.4.1.14519.5.2.1.5168.1900.165646201337804908211071116957,267,C:\sts_data\soft_tissue_sarcoma\soft_tissue_sarcoma\STS_024\1.3.6.1.4.1.14519.5.2.1.5168.1900.165646201337804908211071116957\PT_1.3.6.1.4.1.14519.5.2.1.5168.1900.532032012097900708663952407573
STS_024,1.3.6.1.4.1.14519.5.2.1.5168.1900.229668602244766810205806102988,RTSTRUCT,1.3.6.1.4.1.14519.5.2.1.5168.1900.165646201337804908211071116957,1,C:\sts_data\soft_tissue_sarcoma\soft_tissue_sarcoma\STS_024\1.3.6.1.4.1.14519.5.2.1.5168.1900.165646201337804908211071116957\RTSTRUCT_1.3.6.1.4.1.14519.5.2.1.5168.1900.229668602244766810205806102988
STS_024,1.3.6.1.4.1.14519.5.2.1.5168.1900.245768445077086193539006927417,RTSTRUCT,1.3.6.1.4.1.14519.5.2.1.5168.1900.165646201337804908211071116957,1,C:\sts_data\soft_tissue_sarcoma\soft_tissue_sarcoma\STS_024\1.3.6.1.4.1.14519.5.2.1.5168.1900.165646201337804908211071116957\RTSTRUCT_1.3.6.1.4.1.14519.5.2.1.5168.1900.245768445077086193539006927417
STS_024,1.3.6.1.4.1.14519.5.2.1.5168.1900.287818440067042480804083185176,RTSTRUCT,1.3.6.1.4.1.14519.5.2.1.5168.1900.165646201337804908211071116957,1,C:\sts_data\soft_tissue_sarcoma\soft_tissue_sarcoma\STS_024\1.3.6.1.4.1.14519.5.2.1.5168.1900.165646201337804908211071116957\RTSTRUCT_1.3.6.1.4.1.14519.5.2.1.5168.1900.287818440067042480804083185176
STS_024,1.3.6.1.4.1.14519.5.2.1.5168.1900.336940322065828056071394976404,RTSTRUCT,1.3.6.1.4.1.14519.5.2.1.5168.1900.165646201337804908211071116957,1,C:\sts_data\soft_tissue_sarcoma\soft_tissue_sarcoma\STS_024\1.3.6.1.4.1.14519.5.2.1.5168.1900.165646201337804908211071116957\RTSTRUCT_1.3.6.1.4.1.14519.5.2.1.5168.1900.336940322065828056071394976404
STS_024,1.3.6.1.4.1.14519.5.2.1.5168.1900.267486937675607721717432863630,MR,1.3.6.1.4.1.14519.5.2.1.5168.1900.253622165559798911097040476621,24,C:\sts_data\soft_tissue_sarcoma\soft_tissue_sarcoma\STS_024\1.3.6.1.4.1.14519.5.2.1.5168.1900.253622165559798911097040476621\MR_1.3.6.1.4.1.14519.5.2.1.5168.1900.267486937675607721717432863630
STS_024,1.3.6.1.4.1.14519.5.2.1.5168.1900.831206376951930546567725294992,MR,1.3.6.1.4.1.14519.5.2.1.5168.1900.253622165559798911097040476621,24,C:\sts_data\soft_tissue_sarcoma\soft_tissue_sarcoma\STS_024\1.3.6.1.4.1.14519.5.2.1.5168.1900.253622165559798911097040476621\MR_1.3.6.1.4.1.14519.5.2.1.5168.1900.831206376951930546567725294992
STS_024,1.3.6.1.4.1.14519.5.2.1.5168.1900.311827545445615735950908976053,RTSTRUCT,1.3.6.1.4.1.14519.5.2.1.5168.1900.253622165559798911097040476621,1,C:\sts_data\soft_tissue_sarcoma\soft_tissue_sarcoma\STS_024\1.3.6.1.4.1.14519.5.2.1.5168.1900.253622165559798911097040476621\RTSTRUCT_1.3.6.1.4.1.14519.5.2.1.5168.1900.311827545445615735950908976053
STS_024,1.3.6.1.4.1.14519.5.2.1.5168.1900.920586364869258005231635916863,RTSTRUCT,1.3.6.1.4.1.14519.5.2.1.5168.1900.253622165559798911097040476621,1,C:\sts_data\soft_tissue_sarcoma\soft_tissue_sarcoma\STS_024\1.3.6.1.4.1.14519.5.2.1.5168.1900.253622165559798911097040476621\RTSTRUCT_1.3.6.1.4.1.14519.5.2.1.5168.1900.920586364869258005231635916863
STS_025,1.3.6.1.4.1.14519.5.2.1.5168.1900.272904213121500367633063763460,CT,1.3.6.1.4.1.14519.5.2.1.5168.1900.124523531702432924263844540542,267,C:\sts_data\soft_tissue_sarcoma\soft_tissue_sarcoma\STS_025\1.3.6.1.4.1.14519.5.2.1.5168.1900.124523531702432924263844540542\CT_1.3.6.1.4.1.14519.5.2.1.5168.1900.272904213121500367633063763460
STS_025,1.3.6.1.4.1.14519.5.2.1.5168.1900.192494973570981860314241293571,MR,1.3.6.1.4.1.14519.5.2.1.5168.1900.124523531702432924263844540542,28,C:\sts_data\soft_tissue_sarcoma\soft_tissue_sarcoma\STS_025\1.3.6.1.4.1.14519.5.2.1.5168.1900.124523531702432924263844540542\MR_1.3.6.1.4.1.14519.5.2.1.5168.1900.192494973570981860314241293571
STS_025,1.3.6.1.4.1.14519.5.2.1.5168.1900.223315283357097349129348266041,MR,1.3.6.1.4.1.14519.5.2.1.5168.1900.124523531702432924263844540542,25,C:\sts_data\soft_tissue_sarcoma\soft_tissue_sarcoma\STS_025\1.3.6.1.4.1.14519.5.2.1.5168.1900.124523531702432924263844540542\MR_1.3.6.1.4.1.14519.5.2.1.5168.1900.223315283357097349129348266041
STS_025,1.3.6.1.4.1.14519.5.2.1.5168.1900.323465448976110692152100359902,PT,1.3.6.1.4.1.14519.5.2.1.5168.1900.124523531702432924263844540542,267,C:\sts_data\soft_tissue_sarcoma\soft_tissue_sarcoma\STS_025\1.3.6.1.4.1.14519.5.2.1.5168.1900.124523531702432924263844540542\PT_1.3.6.1.4.1.14519.5.2.1.5168.1900.323465448976110692152100359902
STS_025,1.3.6.1.4.1.14519.5.2.1.5168.1900.275356478348416728111779478435,RTSTRUCT,1.3.6.1.4.1.14519.5.2.1.5168.1900.124523531702432924263844540542,1,C:\sts_data\soft_tissue_sarcoma\soft_tissue_sarcoma\STS_025\1.3.6.1.4.1.14519.5.2.1.5168.1900.124523531702432924263844540542\RTSTRUCT_1.3.6.1.4.1.14519.5.2.1.5168.1900.275356478348416728111779478435
STS_025,1.3.6.1.4.1.14519.5.2.1.5168.1900.278801625499770940497659085458,RTSTRUCT,1.3.6.1.4.1.14519.5.2.1.5168.1900.124523531702432924263844540542,1,C:\sts_data\soft_tissue_sarcoma\soft_tissue_sarcoma\STS_025\1.3.6.1.4.1.14519.5.2.1.5168.1900.124523531702432924263844540542\RTSTRUCT_1.3.6.1.4.1.14519.5.2.1.5168.1900.278801625499770940497659085458
STS_025,1.3.6.1.4.1.14519.5.2.1.5168.1900.281430945288667829683425107596,RTSTRUCT,1.3.6.1.4.1.14519.5.2.1.5168.1900.124523531702432924263844540542,1,C:\sts_data\soft_tissue_sarcoma\soft_tissue_sarcoma\STS_025\1.3.6.1.4.1.14519.5.2.1.5168.1900.124523531702432924263844540542\RTSTRUCT_1.3.6.1.4.1.14519.5.2.1.5168.1900.281430945288667829683425107596
STS_025,1.3.6.1.4.1.14519.5.2.1.5168.1900.889381076037186617583417994012,RTSTRUCT,1.3.6.1.4.1.14519.5.2.1.5168.1900.124523531702432924263844540542,1,C:\sts_data\soft_tissue_sarcoma\soft_tissue_sarcoma\STS_025\1.3.6.1.4.1.14519.5.2.1.5168.1900.124523531702432924263844540542\RTSTRUCT_1.3.6.1.4.1.14519.5.2.1.5168.1900.889381076037186617583417994012
STS_025,1.3.6.1.4.1.14519.5.2.1.5168.1900.220516640722951394288214253478,MR,1.3.6.1.4.1.14519.5.2.1.5168.1900.300729341529964785482636382100,19,C:\sts_data\soft_tissue_sarcoma\soft_tissue_sarcoma\STS_025\1.3.6.1.4.1.14519.5.2.1.5168.1900.300729341529964785482636382100\MR_1.3.6.1.4.1.14519.5.2.1.5168.1900.220516640722951394288214253478
STS_025,1.3.6.1.4.1.14519.5.2.1.5168.1900.243112420719474516886739890748,MR,1.3.6.1.4.1.14519.5.2.1.5168.1900.300729341529964785482636382100,19,C:\sts_data\soft_tissue_sarcoma\soft_tissue_sarcoma\STS_025\1.3.6.1.4.1.14519.5.2.1.5168.1900.300729341529964785482636382100\MR_1.3.6.1.4.1.14519.5.2.1.5168.1900.243112420719474516886739890748
STS_025,1.3.6.1.4.1.14519.5.2.1.5168.1900.426882824401113195451860782607,RTSTRUCT,1.3.6.1.4.1.14519.5.2.1.5168.1900.300729341529964785482636382100,1,C:\sts_data\soft_tissue_sarcoma\soft_tissue_sarcoma\STS_025\1.3.6.1.4.1.14519.5.2.1.5168.1900.300729341529964785482636382100\RTSTRUCT_1.3.6.1.4.1.14519.5.2.1.5168.1900.426882824401113195451860782607
STS_025,1.3.6.1.4.1.14519.5.2.1.5168.1900.958794888869309658101380422751,RTSTRUCT,1.3.6.1.4.1.14519.5.2.1.5168.1900.300729341529964785482636382100,1,C:\sts_data\soft_tissue_sarcoma\soft_tissue_sarcoma\STS_025\1.3.6.1.4.1.14519.5.2.1.5168.1900.300729341529964785482636382100\RTSTRUCT_1.3.6.1.4.1.14519.5.2.1.5168.1900.958794888869309658101380422751
STS_026,1.3.6.1.4.1.14519.5.2.1.5168.1900.148585474812349923193020180241,CT,1.3.6.1.4.1.14519.5.2.1.5168.1900.253050254328542571464836598460,267,C:\sts_data\soft_tissue_sarcoma\soft_tissue_sarcoma\STS_026\1.3.6.1.4.1.14519.5.2.1.5168.1900.253050254328542571464836598460\CT_1.3.6.1.4.1.14519.5.2.1.5168.1900.148585474812349923193020180241
STS_026,1.3.6.1.4.1.14519.5.2.1.5168.1900.156976219335668359365868151301,MR,1.3.6.1.4.1.14519.5.2.1.5168.1900.253050254328542571464836598460,43,C:\sts_data\soft_tissue_sarcoma\soft_tissue_sarcoma\STS_026\1.3.6.1.4.1.14519.5.2.1.5168.1900.253050254328542571464836598460\MR_1.3.6.1.4.1.14519.5.2.1.5168.1900.156976219335668359365868151301
STS_026,1.3.6.1.4.1.14519.5.2.1.5168.1900.685834324045302568921445315927,MR,1.3.6.1.4.1.14519.5.2.1.5168.1900.253050254328542571464836598460,43,C:\sts_data\soft_tissue_sarcoma\soft_tissue_sarcoma\STS_026\1.3.6.1.4.1.14519.5.2.1.5168.1900.253050254328542571464836598460\MR_1.3.6.1.4.1.14519.5.2.1.5168.1900.685834324045302568921445315927
STS_026,1.3.6.1.4.1.14519.5.2.1.5168.1900.879182022536837026636948429664,PT,1.3.6.1.4.1.14519.5.2.1.5168.1900.253050254328542571464836598460,267,C:\sts_data\soft_tissue_sarcoma\soft_tissue_sarcoma\STS_026\1.3.6.1.4.1.14519.5.2.1.5168.1900.253050254328542571464836598460\PT_1.3.6.1.4.1.14519.5.2.1.5168.1900.879182022536837026636948429664
STS_026,1.3.6.1.4.1.14519.5.2.1.5168.1900.164688348208500376248423617273,RTSTRUCT,1.3.6.1.4.1.14519.5.2.1.5168.1900.253050254328542571464836598460,1,C:\sts_data\soft_tissue_sarcoma\soft_tissue_sarcoma\STS_026\1.3.6.1.4.1.14519.5.2.1.5168.1900.253050254328542571464836598460\RTSTRUCT_1.3.6.1.4.1.14519.5.2.1.5168.1900.164688348208500376248423617273
STS_026,1.3.6.1.4.1.14519.5.2.1.5168.1900.210013742146617556027213558096,RTSTRUCT,1.3.6.1.4.1.14519.5.2.1.5168.1900.253050254328542571464836598460,1,C:\sts_data\soft_tissue_sarcoma\soft_tissue_sarcoma\STS_026\1.3.6.1.4.1.14519.5.2.1.5168.1900.253050254328542571464836598460\RTSTRUCT_1.3.6.1.4.1.14519.5.2.1.5168.1900.210013742146617556027213558096
STS_026,1.3.6.1.4.1.14519.5.2.1.5168.1900.235114066095489199422105814187,RTSTRUCT,1.3.6.1.4.1.14519.5.2.1.5168.1900.253050254328542571464836598460,1,C:\sts_data\soft_tissue_sarcoma\soft_tissue_sarcoma\STS_026\1.3.6.1.4.1.14519.5.2.1.5168.1900.253050254328542571464836598460\RTSTRUCT_1.3.6.1.4.1.14519.5.2.1.5168.1900.235114066095489199422105814187
STS_026,1.3.6.1.4.1.14519.5.2.1.5168.1900.286223602077440605842527861098,RTSTRUCT,1.3.6.1.4.1.14519.5.2.1.5168.1900.253050254328542571464836598460,1,C:\sts_data\soft_tissue_sarcoma\soft_tissue_sarcoma\STS_026\1.3.6.1.4.1.14519.5.2.1.5168.1900.253050254328542571464836598460\RTSTRUCT_1.3.6.1.4.1.14519.5.2.1.5168.1900.286223602077440605842527861098
STS_026,1.3.6.1.4.1.14519.5.2.1.5168.1900.143218452784035162626040862533,MR,1.3.6.1.4.1.14519.5.2.1.5168.1900.333438221059842546886114696360,30,C:\sts_data\soft_tissue_sarcoma\soft_tissue_sarcoma\STS_026\1.3.6.1.4.1.14519.5.2.1.5168.1900.333438221059842546886114696360\MR_1.3.6.1.4.1.14519.5.2.1.5168.1900.143218452784035162626040862533
STS_026,1.3.6.1.4.1.14519.5.2.1.5168.1900.172982381515953447636794411285,MR,1.3.6.1.4.1.14519.5.2.1.5168.1900.333438221059842546886114696360,30,C:\sts_data\soft_tissue_sarcoma\soft_tissue_sarcoma\STS_026\1.3.6.1.4.1.14519.5.2.1.5168.1900.333438221059842546886114696360\MR_1.3.6.1.4.1.14519.5.2.1.5168.1900.172982381515953447636794411285
STS_026,1.3.6.1.4.1.14519.5.2.1.5168.1900.297605309682434558644738258098,RTSTRUCT,1.3.6.1.4.1.14519.5.2.1.5168.1900.333438221059842546886114696360,1,C:\sts_data\soft_tissue_sarcoma\soft_tissue_sarcoma\STS_026\1.3.6.1.4.1.14519.5.2.1.5168.1900.333438221059842546886114696360\RTSTRUCT_1.3.6.1.4.1.14519.5.2.1.5168.1900.297605309682434558644738258098
STS_026,1.3.6.1.4.1.14519.5.2.1.5168.1900.718516771328238470576228470088,RTSTRUCT,1.3.6.1.4.1.14519.5.2.1.5168.1900.333438221059842546886114696360,1,C:\sts_data\soft_tissue_sarcoma\soft_tissue_sarcoma\STS_026\1.3.6.1.4.1.14519.5.2.1.5168.1900.333438221059842546886114696360\RTSTRUCT_1.3.6.1.4.1.14519.5.2.1.5168.1900.718516771328238470576228470088
STS_027,1.3.6.1.4.1.14519.5.2.1.5168.1900.230490093465082443173443486749,CT,1.3.6.1.4.1.14519.5.2.1.5168.1900.143126631131134961580421011282,267,C:\sts_data\soft_tissue_sarcoma\soft_tissue_sarcoma\STS_027\1.3.6.1.4.1.14519.5.2.1.5168.1900.143126631131134961580421011282\CT_1.3.6.1.4.1.14519.5.2.1.5168.1900.230490093465082443173443486749
STS_027,1.3.6.1.4.1.14519.5.2.1.5168.1900.267736592284106428483820263587,MR,1.3.6.1.4.1.14519.5.2.1.5168.1900.143126631131134961580421011282,100,C:\sts_data\soft_tissue_sarcoma\soft_tissue_sarcoma\STS_027\1.3.6.1.4.1.14519.5.2.1.5168.1900.143126631131134961580421011282\MR_1.3.6.1.4.1.14519.5.2.1.5168.1900.267736592284106428483820263587
STS_027,1.3.6.1.4.1.14519.5.2.1.5168.1900.286723446667480656376465767690,MR,1.3.6.1.4.1.14519.5.2.1.5168.1900.143126631131134961580421011282,103,C:\sts_data\soft_tissue_sarcoma\soft_tissue_sarcoma\STS_027\1.3.6.1.4.1.14519.5.2.1.5168.1900.143126631131134961580421011282\MR_1.3.6.1.4.1.14519.5.2.1.5168.1900.286723446667480656376465767690
STS_027,1.3.6.1.4.1.14519.5.2.1.5168.1900.644459691760773990344292684884,PT,1.3.6.1.4.1.14519.5.2.1.5168.1900.143126631131134961580421011282,267,C:\sts_data\soft_tissue_sarcoma\soft_tissue_sarcoma\STS_027\1.3.6.1.4.1.14519.5.2.1.5168.1900.143126631131134961580421011282\PT_1.3.6.1.4.1.14519.5.2.1.5168.1900.644459691760773990344292684884
STS_027,1.3.6.1.4.1.14519.5.2.1.5168.1900.205417524041278773034568442517,RTSTRUCT,1.3.6.1.4.1.14519.5.2.1.5168.1900.143126631131134961580421011282,1,C:\sts_data\soft_tissue_sarcoma\soft_tissue_sarcoma\STS_027\1.3.6.1.4.1.14519.5.2.1.5168.1900.143126631131134961580421011282\RTSTRUCT_1.3.6.1.4.1.14519.5.2.1.5168.1900.205417524041278773034568442517
STS_027,1.3.6.1.4.1.14519.5.2.1.5168.1900.279696221680575435822376944024,RTSTRUCT,1.3.6.1.4.1.14519.5.2.1.5168.1900.143126631131134961580421011282,1,C:\sts_data\soft_tissue_sarcoma\soft_tissue_sarcoma\STS_027\1.3.6.1.4.1.14519.5.2.1.5168.1900.143126631131134961580421011282\RTSTRUCT_1.3.6.1.4.1.14519.5.2.1.5168.1900.279696221680575435822376944024
STS_027,1.3.6.1.4.1.14519.5.2.1.5168.1900.756853130165153070466858272928,RTSTRUCT,1.3.6.1.4.1.14519.5.2.1.5168.1900.143126631131134961580421011282,1,C:\sts_data\soft_tissue_sarcoma\soft_tissue_sarcoma\STS_027\1.3.6.1.4.1.14519.5.2.1.5168.1900.143126631131134961580421011282\RTSTRUCT_1.3.6.1.4.1.14519.5.2.1.5168.1900.756853130165153070466858272928
STS_027,1.3.6.1.4.1.14519.5.2.1.5168.1900.784341064669753941257565832397,RTSTRUCT,1.3.6.1.4.1.14519.5.2.1.5168.1900.143126631131134961580421011282,1,C:\sts_data\soft_tissue_sarcoma\soft_tissue_sarcoma\STS_027\1.3.6.1.4.1.14519.5.2.1.5168.1900.143126631131134961580421011282\RTSTRUCT_1.3.6.1.4.1.14519.5.2.1.5168.1900.784341064669753941257565832397
STS_027,1.3.6.1.4.1.14519.5.2.1.5168.1900.244839656266930244980615831729,MR,1.3.6.1.4.1.14519.5.2.1.5168.1900.296297765945483063120242483189,32,C:\sts_data\soft_tissue_sarcoma\soft_tissue_sarcoma\STS_027\1.3.6.1.4.1.14519.5.2.1.5168.1900.296297765945483063120242483189\MR_1.3.6.1.4.1.14519.5.2.1.5168.1900.244839656266930244980615831729
STS_027,1.3.6.1.4.1.14519.5.2.1.5168.1900.808562447467517056151435813598,MR,1.3.6.1.4.1.14519.5.2.1.5168.1900.296297765945483063120242483189,32,C:\sts_data\soft_tissue_sarcoma\soft_tissue_sarcoma\STS_027\1.3.6.1.4.1.14519.5.2.1.5168.1900.296297765945483063120242483189\MR_1.3.6.1.4.1.14519.5.2.1.5168.1900.808562447467517056151435813598
STS_027,1.3.6.1.4.1.14519.5.2.1.5168.1900.186587320634029928033681888257,RTSTRUCT,1.3.6.1.4.1.14519.5.2.1.5168.1900.296297765945483063120242483189,1,C:\sts_data\soft_tissue_sarcoma\soft_tissue_sarcoma\STS_027\1.3.6.1.4.1.14519.5.2.1.5168.1900.296297765945483063120242483189\RTSTRUCT_1.3.6.1.4.1.14519.5.2.1.5168.1900.186587320634029928033681888257
STS_027,1.3.6.1.4.1.14519.5.2.1.5168.1900.210741399955387598591043023369,RTSTRUCT,1.3.6.1.4.1.14519.5.2.1.5168.1900.296297765945483063120242483189,1,C:\sts_data\soft_tissue_sarcoma\soft_tissue_sarcoma\STS_027\1.3.6.1.4.1.14519.5.2.1.5168.1900.296297765945483063120242483189\RTSTRUCT_1.3.6.1.4.1.14519.5.2.1.5168.1900.210741399955387598591043023369
STS_028,1.3.6.1.4.1.14519.5.2.1.5168.1900.191464830789703333705390160452,MR,1.3.6.1.4.1.14519.5.2.1.5168.1900.196839546704358276848073669873,38,C:\sts_data\soft_tissue_sarcoma\soft_tissue_sarcoma\STS_028\1.3.6.1.4.1.14519.5.2.1.5168.1900.196839546704358276848073669873\MR_1.3.6.1.4.1.14519.5.2.1.5168.1900.191464830789703333705390160452
STS_028,1.3.6.1.4.1.14519.5.2.1.5168.1900.243455695563553146225724723758,MR,1.3.6.1.4.1.14519.5.2.1.5168.1900.196839546704358276848073669873,38,C:\sts_data\soft_tissue_sarcoma\soft_tissue_sarcoma\STS_028\1.3.6.1.4.1.14519.5.2.1.5168.1900.196839546704358276848073669873\MR_1.3.6.1.4.1.14519.5.2.1.5168.1900.243455695563553146225724723758
STS_028,1.3.6.1.4.1.14519.5.2.1.5168.1900.247127497278416400283068137684,RTSTRUCT,1.3.6.1.4.1.14519.5.2.1.5168.1900.196839546704358276848073669873,1,C:\sts_data\soft_tissue_sarcoma\soft_tissue_sarcoma\STS_028\1.3.6.1.4.1.14519.5.2.1.5168.1900.196839546704358276848073669873\RTSTRUCT_1.3.6.1.4.1.14519.5.2.1.5168.1900.247127497278416400283068137684
STS_028,1.3.6.1.4.1.14519.5.2.1.5168.1900.296895745027912105180785247975,RTSTRUCT,1.3.6.1.4.1.14519.5.2.1.5168.1900.196839546704358276848073669873,1,C:\sts_data\soft_tissue_sarcoma\soft_tissue_sarcoma\STS_028\1.3.6.1.4.1.14519.5.2.1.5168.1900.196839546704358276848073669873\RTSTRUCT_1.3.6.1.4.1.14519.5.2.1.5168.1900.296895745027912105180785247975
STS_028,1.3.6.1.4.1.14519.5.2.1.5168.1900.913590972108839969190922752912,CT,1.3.6.1.4.1.14519.5.2.1.5168.1900.291490762800233473213844289511,223,C:\sts_data\soft_tissue_sarcoma\soft_tissue_sarcoma\STS_028\1.3.6.1.4.1.14519.5.2.1.5168.1900.291490762800233473213844289511\CT_1.3.6.1.4.1.14519.5.2.1.5168.1900.913590972108839969190922752912
STS_028,1.3.6.1.4.1.14519.5.2.1.5168.1900.238461601573630482075848670588,MR,1.3.6.1.4.1.14519.5.2.1.5168.1900.291490762800233473213844289511,68,C:\sts_data\soft_tissue_sarcoma\soft_tissue_sarcoma\STS_028\1.3.6.1.4.1.14519.5.2.1.5168.1900.291490762800233473213844289511\MR_1.3.6.1.4.1.14519.5.2.1.5168.1900.238461601573630482075848670588
STS_028,1.3.6.1.4.1.14519.5.2.1.5168.1900.938465961194113338135924721843,MR,1.3.6.1.4.1.14519.5.2.1.5168.1900.291490762800233473213844289511,78,C:\sts_data\soft_tissue_sarcoma\soft_tissue_sarcoma\STS_028\1.3.6.1.4.1.14519.5.2.1.5168.1900.291490762800233473213844289511\MR_1.3.6.1.4.1.14519.5.2.1.5168.1900.938465961194113338135924721843
STS_028,1.3.6.1.4.1.14519.5.2.1.5168.1900.250501927430896548137411991862,PT,1.3.6.1.4.1.14519.5.2.1.5168.1900.291490762800233473213844289511,223,C:\sts_data\soft_tissue_sarcoma\soft_tissue_sarcoma\STS_028\1.3.6.1.4.1.14519.5.2.1.5168.1900.291490762800233473213844289511\PT_1.3.6.1.4.1.14519.5.2.1.5168.1900.250501927430896548137411991862
STS_028,1.3.6.1.4.1.14519.5.2.1.5168.1900.282559199678517476679669217961,RTSTRUCT,1.3.6.1.4.1.14519.5.2.1.5168.1900.291490762800233473213844289511,1,C:\sts_data\soft_tissue_sarcoma\soft_tissue_sarcoma\STS_028\1.3.6.1.4.1.14519.5.2.1.5168.1900.291490762800233473213844289511\RTSTRUCT_1.3.6.1.4.1.14519.5.2.1.5168.1900.282559199678517476679669217961
STS_028,1.3.6.1.4.1.14519.5.2.1.5168.1900.306711490209407225493985952724,RTSTRUCT,1.3.6.1.4.1.14519.5.2.1.5168.1900.291490762800233473213844289511,1,C:\sts_data\soft_tissue_sarcoma\soft_tissue_sarcoma\STS_028\1.3.6.1.4.1.14519.5.2.1.5168.1900.291490762800233473213844289511\RTSTRUCT_1.3.6.1.4.1.14519.5.2.1.5168.1900.306711490209407225493985952724
STS_028,1.3.6.1.4.1.14519.5.2.1.5168.1900.495841956906837437689981798157,RTSTRUCT,1.3.6.1.4.1.14519.5.2.1.5168.1900.291490762800233473213844289511,1,C:\sts_data\soft_tissue_sarcoma\soft_tissue_sarcoma\STS_028\1.3.6.1.4.1.14519.5.2.1.5168.1900.291490762800233473213844289511\RTSTRUCT_1.3.6.1.4.1.14519.5.2.1.5168.1900.495841956906837437689981798157
STS_028,1.3.6.1.4.1.14519.5.2.1.5168.1900.605998338213885134641936357832,RTSTRUCT,1.3.6.1.4.1.14519.5.2.1.5168.1900.291490762800233473213844289511,1,C:\sts_data\soft_tissue_sarcoma\soft_tissue_sarcoma\STS_028\1.3.6.1.4.1.14519.5.2.1.5168.1900.291490762800233473213844289511\RTSTRUCT_1.3.6.1.4.1.14519.5.2.1.5168.1900.605998338213885134641936357832
STS_029,1.3.6.1.4.1.14519.5.2.1.5168.1900.277744416008614854051182995003,MR,1.3.6.1.4.1.14519.5.2.1.5168.1900.111545328300494498964255686708,30,C:\sts_data\soft_tissue_sarcoma\soft_tissue_sarcoma\STS_029\1.3.6.1.4.1.14519.5.2.1.5168.1900.111545328300494498964255686708\MR_1.3.6.1.4.1.14519.5.2.1.5168.1900.277744416008614854051182995003
STS_029,1.3.6.1.4.1.14519.5.2.1.5168.1900.499068291692658432787865557944,MR,1.3.6.1.4.1.14519.5.2.1.5168.1900.111545328300494498964255686708,40,C:\sts_data\soft_tissue_sarcoma\soft_tissue_sarcoma\STS_029\1.3.6.1.4.1.14519.5.2.1.5168.1900.111545328300494498964255686708\MR_1.3.6.1.4.1.14519.5.2.1.5168.1900.499068291692658432787865557944
STS_029,1.3.6.1.4.1.14519.5.2.1.5168.1900.725934125264595280040552062680,RTSTRUCT,1.3.6.1.4.1.14519.5.2.1.5168.1900.111545328300494498964255686708,1,C:\sts_data\soft_tissue_sarcoma\soft_tissue_sarcoma\STS_029\1.3.6.1.4.1.14519.5.2.1.5168.1900.111545328300494498964255686708\RTSTRUCT_1.3.6.1.4.1.14519.5.2.1.5168.1900.725934125264595280040552062680
STS_029,1.3.6.1.4.1.14519.5.2.1.5168.1900.940153765926066122024279427558,RTSTRUCT,1.3.6.1.4.1.14519.5.2.1.5168.1900.111545328300494498964255686708,1,C:\sts_data\soft_tissue_sarcoma\soft_tissue_sarcoma\STS_029\1.3.6.1.4.1.14519.5.2.1.5168.1900.111545328300494498964255686708\RTSTRUCT_1.3.6.1.4.1.14519.5.2.1.5168.1900.940153765926066122024279427558
STS_029,1.3.6.1.4.1.14519.5.2.1.5168.1900.411177827296921213037048339723,CT,1.3.6.1.4.1.14519.5.2.1.5168.1900.150861761531344923198901132265,267,C:\sts_data\soft_tissue_sarcoma\soft_tissue_sarcoma\STS_029\1.3.6.1.4.1.14519.5.2.1.5168.1900.150861761531344923198901132265\CT_1.3.6.1.4.1.14519.5.2.1.5168.1900.411177827296921213037048339723
STS_029,1.3.6.1.4.1.14519.5.2.1.5168.1900.187445374232829139733722015548,MR,1.3.6.1.4.1.14519.5.2.1.5168.1900.150861761531344923198901132265,83,C:\sts_data\soft_tissue_sarcoma\soft_tissue_sarcoma\STS_029\1.3.6.1.4.1.14519.5.2.1.5168.1900.150861761531344923198901132265\MR_1.3.6.1.4.1.14519.5.2.1.5168.1900.187445374232829139733722015548
STS_029,1.3.6.1.4.1.14519.5.2.1.5168.1900.659526366339840980646758035317,MR,1.3.6.1.4.1.14519.5.2.1.5168.1900.150861761531344923198901132265,81,C:\sts_data\soft_tissue_sarcoma\soft_tissue_sarcoma\STS_029\1.3.6.1.4.1.14519.5.2.1.5168.1900.150861761531344923198901132265\MR_1.3.6.1.4.1.14519.5.2.1.5168.1900.659526366339840980646758035317
STS_029,1.3.6.1.4.1.14519.5.2.1.5168.1900.100563518030823152816100335229,PT,1.3.6.1.4.1.14519.5.2.1.5168.1900.150861761531344923198901132265,267,C:\sts_data\soft_tissue_sarcoma\soft_tissue_sarcoma\STS_029\1.3.6.1.4.1.14519.5.2.1.5168.1900.150861761531344923198901132265\PT_1.3.6.1.4.1.14519.5.2.1.5168.1900.100563518030823152816100335229
STS_029,1.3.6.1.4.1.14519.5.2.1.5168.1900.102923851761654496663279764632,RTSTRUCT,1.3.6.1.4.1.14519.5.2.1.5168.1900.150861761531344923198901132265,1,C:\sts_data\soft_tissue_sarcoma\soft_tissue_sarcoma\STS_029\1.3.6.1.4.1.14519.5.2.1.5168.1900.150861761531344923198901132265\RTSTRUCT_1.3.6.1.4.1.14519.5.2.1.5168.1900.102923851761654496663279764632
STS_029,1.3.6.1.4.1.14519.5.2.1.5168.1900.110585406429383198977401717371,RTSTRUCT,1.3.6.1.4.1.14519.5.2.1.5168.1900.150861761531344923198901132265,1,C:\sts_data\soft_tissue_sarcoma\soft_tissue_sarcoma\STS_029\1.3.6.1.4.1.14519.5.2.1.5168.1900.150861761531344923198901132265\RTSTRUCT_1.3.6.1.4.1.14519.5.2.1.5168.1900.110585406429383198977401717371
STS_029,1.3.6.1.4.1.14519.5.2.1.5168.1900.290230590059106062724548489596,RTSTRUCT,1.3.6.1.4.1.14519.5.2.1.5168.1900.150861761531344923198901132265,1,C:\sts_data\soft_tissue_sarcoma\soft_tissue_sarcoma\STS_029\1.3.6.1.4.1.14519.5.2.1.5168.1900.150861761531344923198901132265\RTSTRUCT_1.3.6.1.4.1.14519.5.2.1.5168.1900.290230590059106062724548489596
STS_029,1.3.6.1.4.1.14519.5.2.1.5168.1900.764173013870647266191763839619,RTSTRUCT,1.3.6.1.4.1.14519.5.2.1.5168.1900.150861761531344923198901132265,1,C:\sts_data\soft_tissue_sarcoma\soft_tissue_sarcoma\STS_029\1.3.6.1.4.1.14519.5.2.1.5168.1900.150861761531344923198901132265\RTSTRUCT_1.3.6.1.4.1.14519.5.2.1.5168.1900.764173013870647266191763839619
STS_030,1.3.6.1.4.1.14519.5.2.1.5168.1900.858374854054542425568274192534,CT,1.3.6.1.4.1.14519.5.2.1.5168.1900.100965969333499185796670639731,311,C:\sts_data\soft_tissue_sarcoma\soft_tissue_sarcoma\STS_030\1.3.6.1.4.1.14519.5.2.1.5168.1900.100965969333499185796670639731\CT_1.3.6.1.4.1.14519.5.2.1.5168.1900.858374854054542425568274192534
STS_030,1.3.6.1.4.1.14519.5.2.1.5168.1900.120738414954862087960495320009,MR,1.3.6.1.4.1.14519.5.2.1.5168.1900.100965969333499185796670639731,118,C:\sts_data\soft_tissue_sarcoma\soft_tissue_sarcoma\STS_030\1.3.6.1.4.1.14519.5.2.1.5168.1900.100965969333499185796670639731\MR_1.3.6.1.4.1.14519.5.2.1.5168.1900.120738414954862087960495320009
STS_030,1.3.6.1.4.1.14519.5.2.1.5168.1900.456586726727216425482943792985,MR,1.3.6.1.4.1.14519.5.2.1.5168.1900.100965969333499185796670639731,121,C:\sts_data\soft_tissue_sarcoma\soft_tissue_sarcoma\STS_030\1.3.6.1.4.1.14519.5.2.1.5168.1900.100965969333499185796670639731\MR_1.3.6.1.4.1.14519.5.2.1.5168.1900.456586726727216425482943792985
STS_030,1.3.6.1.4.1.14519.5.2.1.5168.1900.163985558113853325297639728913,PT,1.3.6.1.4.1.14519.5.2.1.5168.1900.100965969333499185796670639731,311,C:\sts_data\soft_tissue_sarcoma\soft_tissue_sarcoma\STS_030\1.3.6.1.4.1.14519.5.2.1.5168.1900.100965969333499185796670639731\PT_1.3.6.1.4.1.14519.5.2.1.5168.1900.163985558113853325297639728913
STS_030,1.3.6.1.4.1.14519.5.2.1.5168.1900.139245184028344650796763067626,RTSTRUCT,1.3.6.1.4.1.14519.5.2.1.5168.1900.100965969333499185796670639731,1,C:\sts_data\soft_tissue_sarcoma\soft_tissue_sarcoma\STS_030\1.3.6.1.4.1.14519.5.2.1.5168.1900.100965969333499185796670639731\RTSTRUCT_1.3.6.1.4.1.14519.5.2.1.5168.1900.139245184028344650796763067626
STS_030,1.3.6.1.4.1.14519.5.2.1.5168.1900.298230913318909901049022779612,RTSTRUCT,1.3.6.1.4.1.14519.5.2.1.5168.1900.100965969333499185796670639731,1,C:\sts_data\soft_tissue_sarcoma\soft_tissue_sarcoma\STS_030\1.3.6.1.4.1.14519.5.2.1.5168.1900.100965969333499185796670639731\RTSTRUCT_1.3.6.1.4.1.14519.5.2.1.5168.1900.298230913318909901049022779612
STS_030,1.3.6.1.4.1.14519.5.2.1.5168.1900.301274589765763216456396001421,RTSTRUCT,1.3.6.1.4.1.14519.5.2.1.5168.1900.100965969333499185796670639731,1,C:\sts_data\soft_tissue_sarcoma\soft_tissue_sarcoma\STS_030\1.3.6.1.4.1.14519.5.2.1.5168.1900.100965969333499185796670639731\RTSTRUCT_1.3.6.1.4.1.14519.5.2.1.5168.1900.301274589765763216456396001421
STS_030,1.3.6.1.4.1.14519.5.2.1.5168.1900.322836934932781784322976746194,RTSTRUCT,1.3.6.1.4.1.14519.5.2.1.5168.1900.100965969333499185796670639731,1,C:\sts_data\soft_tissue_sarcoma\soft_tissue_sarcoma\STS_030\1.3.6.1.4.1.14519.5.2.1.5168.1900.100965969333499185796670639731\RTSTRUCT_1.3.6.1.4.1.14519.5.2.1.5168.1900.322836934932781784322976746194
STS_030,1.3.6.1.4.1.14519.5.2.1.5168.1900.204366867799171571646629329946,MR,1.3.6.1.4.1.14519.5.2.1.5168.1900.114411126312943403576286146361,63,C:\sts_data\soft_tissue_sarcoma\soft_tissue_sarcoma\STS_030\1.3.6.1.4.1.14519.5.2.1.5168.1900.114411126312943403576286146361\MR_1.3.6.1.4.1.14519.5.2.1.5168.1900.204366867799171571646629329946
STS_030,1.3.6.1.4.1.14519.5.2.1.5168.1900.233090683123024206701043908355,MR,1.3.6.1.4.1.14519.5.2.1.5168.1900.114411126312943403576286146361,63,C:\sts_data\soft_tissue_sarcoma\soft_tissue_sarcoma\STS_030\1.3.6.1.4.1.14519.5.2.1.5168.1900.114411126312943403576286146361\MR_1.3.6.1.4.1.14519.5.2.1.5168.1900.233090683123024206701043908355
STS_030,1.3.6.1.4.1.14519.5.2.1.5168.1900.164103099195008831699759795942,RTSTRUCT,1.3.6.1.4.1.14519.5.2.1.5168.1900.114411126312943403576286146361,1,C:\sts_data\soft_tissue_sarcoma\soft_tissue_sarcoma\STS_030\1.3.6.1.4.1.14519.5.2.1.5168.1900.114411126312943403576286146361\RTSTRUCT_1.3.6.1.4.1.14519.5.2.1.5168.1900.164103099195008831699759795942
STS_030,1.3.6.1.4.1.14519.5.2.1.5168.1900.273446081108464736622751447162,RTSTRUCT,1.3.6.1.4.1.14519.5.2.1.5168.1900.114411126312943403576286146361,1,C:\sts_data\soft_tissue_sarcoma\soft_tissue_sarcoma\STS_030\1.3.6.1.4.1.14519.5.2.1.5168.1900.114411126312943403576286146361\RTSTRUCT_1.3.6.1.4.1.14519.5.2.1.5168.1900.273446081108464736622751447162
STS_031,1.3.6.1.4.1.14519.5.2.1.5168.1900.102205070502998247876240264257,MR,1.3.6.1.4.1.14519.5.2.1.5168.1900.905975299888796056144178475289,36,C:\sts_data\soft_tissue_sarcoma\soft_tissue_sarcoma\STS_031\1.3.6.1.4.1.14519.5.2.1.5168.1900.905975299888796056144178475289\MR_1.3.6.1.4.1.14519.5.2.1.5168.1900.102205070502998247876240264257
STS_031,1.3.6.1.4.1.14519.5.2.1.5168.1900.319852203736777098394532396060,MR,1.3.6.1.4.1.14519.5.2.1.5168.1900.905975299888796056144178475289,36,C:\sts_data\soft_tissue_sarcoma\soft_tissue_sarcoma\STS_031\1.3.6.1.4.1.14519.5.2.1.5168.1900.905975299888796056144178475289\MR_1.3.6.1.4.1.14519.5.2.1.5168.1900.319852203736777098394532396060
STS_031,1.3.6.1.4.1.14519.5.2.1.5168.1900.183346192998316757782227233983,RTSTRUCT,1.3.6.1.4.1.14519.5.2.1.5168.1900.905975299888796056144178475289,1,C:\sts_data\soft_tissue_sarcoma\soft_tissue_sarcoma\STS_031\1.3.6.1.4.1.14519.5.2.1.5168.1900.905975299888796056144178475289\RTSTRUCT_1.3.6.1.4.1.14519.5.2.1.5168.1900.183346192998316757782227233983
STS_031,1.3.6.1.4.1.14519.5.2.1.5168.1900.333119421147094777386959507228,RTSTRUCT,1.3.6.1.4.1.14519.5.2.1.5168.1900.905975299888796056144178475289,1,C:\sts_data\soft_tissue_sarcoma\soft_tissue_sarcoma\STS_031\1.3.6.1.4.1.14519.5.2.1.5168.1900.905975299888796056144178475289\RTSTRUCT_1.3.6.1.4.1.14519.5.2.1.5168.1900.333119421147094777386959507228
STS_031,1.3.6.1.4.1.14519.5.2.1.5168.1900.223416171912460543931338467125,CT,1.3.6.1.4.1.14519.5.2.1.5168.1900.997719825337156275761392546652,257,C:\sts_data\soft_tissue_sarcoma\soft_tissue_sarcoma\STS_031\1.3.6.1.4.1.14519.5.2.1.5168.1900.997719825337156275761392546652\CT_1.3.6.1.4.1.14519.5.2.1.5168.1900.223416171912460543931338467125
STS_031,1.3.6.1.4.1.14519.5.2.1.5168.1900.209496151752957743288019332509,MR,1.3.6.1.4.1.14519.5.2.1.5168.1900.997719825337156275761392546652,77,C:\sts_data\soft_tissue_sarcoma\soft_tissue_sarcoma\STS_031\1.3.6.1.4.1.14519.5.2.1.5168.1900.997719825337156275761392546652\MR_1.3.6.1.4.1.14519.5.2.1.5168.1900.209496151752957743288019332509
STS_031,1.3.6.1.4.1.14519.5.2.1.5168.1900.803464168845458057768000209660,MR,1.3.6.1.4.1.14519.5.2.1.5168.1900.997719825337156275761392546652,70,C:\sts_data\soft_tissue_sarcoma\soft_tissue_sarcoma\STS_031\1.3.6.1.4.1.14519.5.2.1.5168.1900.997719825337156275761392546652\MR_1.3.6.1.4.1.14519.5.2.1.5168.1900.803464168845458057768000209660
STS_031,1.3.6.1.4.1.14519.5.2.1.5168.1900.745180706677815731101200799908,PT,1.3.6.1.4.1.14519.5.2.1.5168.1900.997719825337156275761392546652,267,C:\sts_data\soft_tissue_sarcoma\soft_tissue_sarcoma\STS_031\1.3.6.1.4.1.14519.5.2.1.5168.1900.997719825337156275761392546652\PT_1.3.6.1.4.1.14519.5.2.1.5168.1900.745180706677815731101200799908
STS_031,1.3.6.1.4.1.14519.5.2.1.5168.1900.121004035567298272735945168813,RTSTRUCT,1.3.6.1.4.1.14519.5.2.1.5168.1900.997719825337156275761392546652,1,C:\sts_data\soft_tissue_sarcoma\soft_tissue_sarcoma\STS_031\1.3.6.1.4.1.14519.5.2.1.5168.1900.997719825337156275761392546652\RTSTRUCT_1.3.6.1.4.1.14519.5.2.1.5168.1900.121004035567298272735945168813
STS_031,1.3.6.1.4.1.14519.5.2.1.5168.1900.309311546028988589626928527818,RTSTRUCT,1.3.6.1.4.1.14519.5.2.1.5168.1900.997719825337156275761392546652,1,C:\sts_data\soft_tissue_sarcoma\soft_tissue_sarcoma\STS_031\1.3.6.1.4.1.14519.5.2.1.5168.1900.997719825337156275761392546652\RTSTRUCT_1.3.6.1.4.1.14519.5.2.1.5168.1900.309311546028988589626928527818
STS_031,1.3.6.1.4.1.14519.5.2.1.5168.1900.590321881367155407673232307147,RTSTRUCT,1.3.6.1.4.1.14519.5.2.1.5168.1900.997719825337156275761392546652,1,C:\sts_data\soft_tissue_sarcoma\soft_tissue_sarcoma\STS_031\1.3.6.1.4.1.14519.5.2.1.5168.1900.997719825337156275761392546652\RTSTRUCT_1.3.6.1.4.1.14519.5.2.1.5168.1900.590321881367155407673232307147
STS_031,1.3.6.1.4.1.14519.5.2.1.5168.1900.732268638914152261623883868495,RTSTRUCT,1.3.6.1.4.1.14519.5.2.1.5168.1900.997719825337156275761392546652,1,C:\sts_data\soft_tissue_sarcoma\soft_tissue_sarcoma\STS_031\1.3.6.1.4.1.14519.5.2.1.5168.1900.997719825337156275761392546652\RTSTRUCT_1.3.6.1.4.1.14519.5.2.1.5168.1900.732268638914152261623883868495
STS_032,1.3.6.1.4.1.14519.5.2.1.5168.1900.239973625803147462014340519229,MR,1.3.6.1.4.1.14519.5.2.1.5168.1900.174115720031352334072955631859,24,C:\sts_data\soft_tissue_sarcoma\soft_tissue_sarcoma\STS_032\1.3.6.1.4.1.14519.5.2.1.5168.1900.174115720031352334072955631859\MR_1.3.6.1.4.1.14519.5.2.1.5168.1900.239973625803147462014340519229
STS_032,1.3.6.1.4.1.14519.5.2.1.5168.1900.329350639502440072042757623849,MR,1.3.6.1.4.1.14519.5.2.1.5168.1900.174115720031352334072955631859,24,C:\sts_data\soft_tissue_sarcoma\soft_tissue_sarcoma\STS_032\1.3.6.1.4.1.14519.5.2.1.5168.1900.174115720031352334072955631859\MR_1.3.6.1.4.1.14519.5.2.1.5168.1900.329350639502440072042757623849
STS_032,1.3.6.1.4.1.14519.5.2.1.5168.1900.232183900107940926508617061146,RTSTRUCT,1.3.6.1.4.1.14519.5.2.1.5168.1900.174115720031352334072955631859,1,C:\sts_data\soft_tissue_sarcoma\soft_tissue_sarcoma\STS_032\1.3.6.1.4.1.14519.5.2.1.5168.1900.174115720031352334072955631859\RTSTRUCT_1.3.6.1.4.1.14519.5.2.1.5168.1900.232183900107940926508617061146
STS_032,1.3.6.1.4.1.14519.5.2.1.5168.1900.235742532455298871058788240017,RTSTRUCT,1.3.6.1.4.1.14519.5.2.1.5168.1900.174115720031352334072955631859,1,C:\sts_data\soft_tissue_sarcoma\soft_tissue_sarcoma\STS_032\1.3.6.1.4.1.14519.5.2.1.5168.1900.174115720031352334072955631859\RTSTRUCT_1.3.6.1.4.1.14519.5.2.1.5168.1900.235742532455298871058788240017
STS_032,1.3.6.1.4.1.14519.5.2.1.5168.1900.225389768618855362748822146086,CT,1.3.6.1.4.1.14519.5.2.1.5168.1900.294580060814654933657507661256,267,C:\sts_data\soft_tissue_sarcoma\soft_tissue_sarcoma\STS_032\1.3.6.1.4.1.14519.5.2.1.5168.1900.294580060814654933657507661256\CT_1.3.6.1.4.1.14519.5.2.1.5168.1900.225389768618855362748822146086
STS_032,1.3.6.1.4.1.14519.5.2.1.5168.1900.211453200120955986216343461933,MR,1.3.6.1.4.1.14519.5.2.1.5168.1900.294580060814654933657507661256,47,C:\sts_data\soft_tissue_sarcoma\soft_tissue_sarcoma\STS_032\1.3.6.1.4.1.14519.5.2.1.5168.1900.294580060814654933657507661256\MR_1.3.6.1.4.1.14519.5.2.1.5168.1900.211453200120955986216343461933
STS_032,1.3.6.1.4.1.14519.5.2.1.5168.1900.717230604857378246114103907765,MR,1.3.6.1.4.1.14519.5.2.1.5168.1900.294580060814654933657507661256,48,C:\sts_data\soft_tissue_sarcoma\soft_tissue_sarcoma\STS_032\1.3.6.1.4.1.14519.5.2.1.5168.1900.294580060814654933657507661256\MR_1.3.6.1.4.1.14519.5.2.1.5168.1900.717230604857378246114103907765
STS_032,1.3.6.1.4.1.14519.5.2.1.5168.1900.673980395627484357566264064047,PT,1.3.6.1.4.1.14519.5.2.1.5168.1900.294580060814654933657507661256,267,C:\sts_data\soft_tissue_sarcoma\soft_tissue_sarcoma\STS_032\1.3.6.1.4.1.14519.5.2.1.5168.1900.294580060814654933657507661256\PT_1.3.6.1.4.1.14519.5.2.1.5168.1900.673980395627484357566264064047
STS_032,1.3.6.1.4.1.14519.5.2.1.5168.1900.120610969365488705927182386575,RTSTRUCT,1.3.6.1.4.1.14519.5.2.1.5168.1900.294580060814654933657507661256,1,C:\sts_data\soft_tissue_sarcoma\soft_tissue_sarcoma\STS_032\1.3.6.1.4.1.14519.5.2.1.5168.1900.294580060814654933657507661256\RTSTRUCT_1.3.6.1.4.1.14519.5.2.1.5168.1900.120610969365488705927182386575
STS_032,1.3.6.1.4.1.14519.5.2.1.5168.1900.298172151157820944334060882032,RTSTRUCT,1.3.6.1.4.1.14519.5.2.1.5168.1900.294580060814654933657507661256,1,C:\sts_data\soft_tissue_sarcoma\soft_tissue_sarcoma\STS_032\1.3.6.1.4.1.14519.5.2.1.5168.1900.294580060814654933657507661256\RTSTRUCT_1.3.6.1.4.1.14519.5.2.1.5168.1900.298172151157820944334060882032
STS_032,1.3.6.1.4.1.14519.5.2.1.5168.1900.320174647656135079280689068044,RTSTRUCT,1.3.6.1.4.1.14519.5.2.1.5168.1900.294580060814654933657507661256,1,C:\sts_data\soft_tissue_sarcoma\soft_tissue_sarcoma\STS_032\1.3.6.1.4.1.14519.5.2.1.5168.1900.294580060814654933657507661256\RTSTRUCT_1.3.6.1.4.1.14519.5.2.1.5168.1900.320174647656135079280689068044
STS_032,1.3.6.1.4.1.14519.5.2.1.5168.1900.444027368491652545779332268078,RTSTRUCT,1.3.6.1.4.1.14519.5.2.1.5168.1900.294580060814654933657507661256,1,C:\sts_data\soft_tissue_sarcoma\soft_tissue_sarcoma\STS_032\1.3.6.1.4.1.14519.5.2.1.5168.1900.294580060814654933657507661256\RTSTRUCT_1.3.6.1.4.1.14519.5.2.1.5168.1900.444027368491652545779332268078
STS_033,1.3.6.1.4.1.14519.5.2.1.5168.1900.284196742910356500446890046376,CT,1.3.6.1.4.1.14519.5.2.1.5168.1900.304028740834660448708300801827,91,C:\sts_data\soft_tissue_sarcoma\soft_tissue_sarcoma\STS_033\1.3.6.1.4.1.14519.5.2.1.5168.1900.304028740834660448708300801827\CT_1.3.6.1.4.1.14519.5.2.1.5168.1900.284196742910356500446890046376
STS_033,1.3.6.1.4.1.14519.5.2.1.5168.1900.107484262136529878697828862395,MR,1.3.6.1.4.1.14519.5.2.1.5168.1900.304028740834660448708300801827,69,C:\sts_data\soft_tissue_sarcoma\soft_tissue_sarcoma\STS_033\1.3.6.1.4.1.14519.5.2.1.5168.1900.304028740834660448708300801827\MR_1.3.6.1.4.1.14519.5.2.1.5168.1900.107484262136529878697828862395
STS_033,1.3.6.1.4.1.14519.5.2.1.5168.1900.154491295291752545260119123433,MR,1.3.6.1.4.1.14519.5.2.1.5168.1900.304028740834660448708300801827,65,C:\sts_data\soft_tissue_sarcoma\soft_tissue_sarcoma\STS_033\1.3.6.1.4.1.14519.5.2.1.5168.1900.304028740834660448708300801827\MR_1.3.6.1.4.1.14519.5.2.1.5168.1900.154491295291752545260119123433
STS_033,1.3.6.1.4.1.14519.5.2.1.5168.1900.592670639828099912917891828520,PT,1.3.6.1.4.1.14519.5.2.1.5168.1900.304028740834660448708300801827,91,C:\sts_data\soft_tissue_sarcoma\soft_tissue_sarcoma\STS_033\1.3.6.1.4.1.14519.5.2.1.5168.1900.304028740834660448708300801827\PT_1.3.6.1.4.1.14519.5.2.1.5168.1900.592670639828099912917891828520
STS_033,1.3.6.1.4.1.14519.5.2.1.5168.1900.122443135818122784164834389092,RTSTRUCT,1.3.6.1.4.1.14519.5.2.1.5168.1900.304028740834660448708300801827,1,C:\sts_data\soft_tissue_sarcoma\soft_tissue_sarcoma\STS_033\1.3.6.1.4.1.14519.5.2.1.5168.1900.304028740834660448708300801827\RTSTRUCT_1.3.6.1.4.1.14519.5.2.1.5168.1900.122443135818122784164834389092
STS_033,1.3.6.1.4.1.14519.5.2.1.5168.1900.198795311453205176430244426662,RTSTRUCT,1.3.6.1.4.1.14519.5.2.1.5168.1900.304028740834660448708300801827,1,C:\sts_data\soft_tissue_sarcoma\soft_tissue_sarcoma\STS_033\1.3.6.1.4.1.14519.5.2.1.5168.1900.304028740834660448708300801827\RTSTRUCT_1.3.6.1.4.1.14519.5.2.1.5168.1900.198795311453205176430244426662
STS_033,1.3.6.1.4.1.14519.5.2.1.5168.1900.286307635903835439796884116955,RTSTRUCT,1.3.6.1.4.1.14519.5.2.1.5168.1900.304028740834660448708300801827,1,C:\sts_data\soft_tissue_sarcoma\soft_tissue_sarcoma\STS_033\1.3.6.1.4.1.14519.5.2.1.5168.1900.304028740834660448708300801827\RTSTRUCT_1.3.6.1.4.1.14519.5.2.1.5168.1900.286307635903835439796884116955
STS_033,1.3.6.1.4.1.14519.5.2.1.5168.1900.603854000170469410662424655673,RTSTRUCT,1.3.6.1.4.1.14519.5.2.1.5168.1900.304028740834660448708300801827,1,C:\sts_data\soft_tissue_sarcoma\soft_tissue_sarcoma\STS_033\1.3.6.1.4.1.14519.5.2.1.5168.1900.304028740834660448708300801827\RTSTRUCT_1.3.6.1.4.1.14519.5.2.1.5168.1900.603854000170469410662424655673
STS_033,1.3.6.1.4.1.14519.5.2.1.5168.1900.311541396855223962525824591318,MR,1.3.6.1.4.1.14519.5.2.1.5168.1900.374101138583106903679226367573,42,C:\sts_data\soft_tissue_sarcoma\soft_tissue_sarcoma\STS_033\1.3.6.1.4.1.14519.5.2.1.5168.1900.374101138583106903679226367573\MR_1.3.6.1.4.1.14519.5.2.1.5168.1900.311541396855223962525824591318
STS_033,1.3.6.1.4.1.14519.5.2.1.5168.1900.338923641901222312865482201539,MR,1.3.6.1.4.1.14519.5.2.1.5168.1900.374101138583106903679226367573,42,C:\sts_data\soft_tissue_sarcoma\soft_tissue_sarcoma\STS_033\1.3.6.1.4.1.14519.5.2.1.5168.1900.374101138583106903679226367573\MR_1.3.6.1.4.1.14519.5.2.1.5168.1900.338923641901222312865482201539
STS_033,1.3.6.1.4.1.14519.5.2.1.5168.1900.210896290533169999684765686571,RTSTRUCT,1.3.6.1.4.1.14519.5.2.1.5168.1900.374101138583106903679226367573,1,C:\sts_data\soft_tissue_sarcoma\soft_tissue_sarcoma\STS_033\1.3.6.1.4.1.14519.5.2.1.5168.1900.374101138583106903679226367573\RTSTRUCT_1.3.6.1.4.1.14519.5.2.1.5168.1900.210896290533169999684765686571
STS_033,1.3.6.1.4.1.14519.5.2.1.5168.1900.583473563448505141016907753857,RTSTRUCT,1.3.6.1.4.1.14519.5.2.1.5168.1900.374101138583106903679226367573,1,C:\sts_data\soft_tissue_sarcoma\soft_tissue_sarcoma\STS_033\1.3.6.1.4.1.14519.5.2.1.5168.1900.374101138583106903679226367573\RTSTRUCT_1.3.6.1.4.1.14519.5.2.1.5168.1900.583473563448505141016907753857
STS_034,1.3.6.1.4.1.14519.5.2.1.5168.1900.144439911844543278375693492502,CT,1.3.6.1.4.1.14519.5.2.1.5168.1900.147641713597648034846374361819,267,C:\sts_data\soft_tissue_sarcoma\soft_tissue_sarcoma\STS_034\1.3.6.1.4.1.14519.5.2.1.5168.1900.147641713597648034846374361819\CT_1.3.6.1.4.1.14519.5.2.1.5168.1900.144439911844543278375693492502
STS_034,1.3.6.1.4.1.14519.5.2.1.5168.1900.123959121963588839223334789123,MR,1.3.6.1.4.1.14519.5.2.1.5168.1900.147641713597648034846374361819,61,C:\sts_data\soft_tissue_sarcoma\soft_tissue_sarcoma\STS_034\1.3.6.1.4.1.14519.5.2.1.5168.1900.147641713597648034846374361819\MR_1.3.6.1.4.1.14519.5.2.1.5168.1900.123959121963588839223334789123
STS_034,1.3.6.1.4.1.14519.5.2.1.5168.1900.283515156751044898011995340873,MR,1.3.6.1.4.1.14519.5.2.1.5168.1900.147641713597648034846374361819,61,C:\sts_data\soft_tissue_sarcoma\soft_tissue_sarcoma\STS_034\1.3.6.1.4.1.14519.5.2.1.5168.1900.147641713597648034846374361819\MR_1.3.6.1.4.1.14519.5.2.1.5168.1900.283515156751044898011995340873
STS_034,1.3.6.1.4.1.14519.5.2.1.5168.1900.242922802323660633075795621462,PT,1.3.6.1.4.1.14519.5.2.1.5168.1900.147641713597648034846374361819,267,C:\sts_data\soft_tissue_sarcoma\soft_tissue_sarcoma\STS_034\1.3.6.1.4.1.14519.5.2.1.5168.1900.147641713597648034846374361819\PT_1.3.6.1.4.1.14519.5.2.1.5168.1900.242922802323660633075795621462
STS_034,1.3.6.1.4.1.14519.5.2.1.5168.1900.105097869285462803844775342850,RTSTRUCT,1.3.6.1.4.1.14519.5.2.1.5168.1900.147641713597648034846374361819,1,C:\sts_data\soft_tissue_sarcoma\soft_tissue_sarcoma\STS_034\1.3.6.1.4.1.14519.5.2.1.5168.1900.147641713597648034846374361819\RTSTRUCT_1.3.6.1.4.1.14519.5.2.1.5168.1900.105097869285462803844775342850
STS_034,1.3.6.1.4.1.14519.5.2.1.5168.1900.210424260455062558657748838722,RTSTRUCT,1.3.6.1.4.1.14519.5.2.1.5168.1900.147641713597648034846374361819,1,C:\sts_data\soft_tissue_sarcoma\soft_tissue_sarcoma\STS_034\1.3.6.1.4.1.14519.5.2.1.5168.1900.147641713597648034846374361819\RTSTRUCT_1.3.6.1.4.1.14519.5.2.1.5168.1900.210424260455062558657748838722
STS_034,1.3.6.1.4.1.14519.5.2.1.5168.1900.269191803763459067320442899977,RTSTRUCT,1.3.6.1.4.1.14519.5.2.1.5168.1900.147641713597648034846374361819,1,C:\sts_data\soft_tissue_sarcoma\soft_tissue_sarcoma\STS_034\1.3.6.1.4.1.14519.5.2.1.5168.1900.147641713597648034846374361819\RTSTRUCT_1.3.6.1.4.1.14519.5.2.1.5168.1900.269191803763459067320442899977
STS_034,1.3.6.1.4.1.14519.5.2.1.5168.1900.828887224942312143331436984696,RTSTRUCT,1.3.6.1.4.1.14519.5.2.1.5168.1900.147641713597648034846374361819,1,C:\sts_data\soft_tissue_sarcoma\soft_tissue_sarcoma\STS_034\1.3.6.1.4.1.14519.5.2.1.5168.1900.147641713597648034846374361819\RTSTRUCT_1.3.6.1.4.1.14519.5.2.1.5168.1900.828887224942312143331436984696
STS_034,1.3.6.1.4.1.14519.5.2.1.5168.1900.591911770476331835884448150167,MR,1.3.6.1.4.1.14519.5.2.1.5168.1900.269082510356706319543939972755,25,C:\sts_data\soft_tissue_sarcoma\soft_tissue_sarcoma\STS_034\1.3.6.1.4.1.14519.5.2.1.5168.1900.269082510356706319543939972755\MR_1.3.6.1.4.1.14519.5.2.1.5168.1900.591911770476331835884448150167
STS_034,1.3.6.1.4.1.14519.5.2.1.5168.1900.993626563648862178572641249234,MR,1.3.6.1.4.1.14519.5.2.1.5168.1900.269082510356706319543939972755,25,C:\sts_data\soft_tissue_sarcoma\soft_tissue_sarcoma\STS_034\1.3.6.1.4.1.14519.5.2.1.5168.1900.269082510356706319543939972755\MR_1.3.6.1.4.1.14519.5.2.1.5168.1900.993626563648862178572641249234
STS_034,1.3.6.1.4.1.14519.5.2.1.5168.1900.173879178924649968355439436502,RTSTRUCT,1.3.6.1.4.1.14519.5.2.1.5168.1900.269082510356706319543939972755,1,C:\sts_data\soft_tissue_sarcoma\soft_tissue_sarcoma\STS_034\1.3.6.1.4.1.14519.5.2.1.5168.1900.269082510356706319543939972755\RTSTRUCT_1.3.6.1.4.1.14519.5.2.1.5168.1900.173879178924649968355439436502
STS_034,1.3.6.1.4.1.14519.5.2.1.5168.1900.189002450968525114218663731241,RTSTRUCT,1.3.6.1.4.1.14519.5.2.1.5168.1900.269082510356706319543939972755,1,C:\sts_data\soft_tissue_sarcoma\soft_tissue_sarcoma\STS_034\1.3.6.1.4.1.14519.5.2.1.5168.1900.269082510356706319543939972755\RTSTRUCT_1.3.6.1.4.1.14519.5.2.1.5168.1900.189002450968525114218663731241
STS_035,1.3.6.1.4.1.14519.5.2.1.5168.1900.272272069210338258600600991202,CT,1.3.6.1.4.1.14519.5.2.1.5168.1900.196863983290572645708103783563,267,C:\sts_data\soft_tissue_sarcoma\soft_tissue_sarcoma\STS_035\1.3.6.1.4.1.14519.5.2.1.5168.1900.196863983290572645708103783563\CT_1.3.6.1.4.1.14519.5.2.1.5168.1900.272272069210338258600600991202
STS_035,1.3.6.1.4.1.14519.5.2.1.5168.1900.205027620332833569212441189259,MR,1.3.6.1.4.1.14519.5.2.1.5168.1900.196863983290572645708103783563,54,C:\sts_data\soft_tissue_sarcoma\soft_tissue_sarcoma\STS_035\1.3.6.1.4.1.14519.5.2.1.5168.1900.196863983290572645708103783563\MR_1.3.6.1.4.1.14519.5.2.1.5168.1900.205027620332833569212441189259
STS_035,1.3.6.1.4.1.14519.5.2.1.5168.1900.875286913935235283318895687673,MR,1.3.6.1.4.1.14519.5.2.1.5168.1900.196863983290572645708103783563,60,C:\sts_data\soft_tissue_sarcoma\soft_tissue_sarcoma\STS_035\1.3.6.1.4.1.14519.5.2.1.5168.1900.196863983290572645708103783563\MR_1.3.6.1.4.1.14519.5.2.1.5168.1900.875286913935235283318895687673
STS_035,1.3.6.1.4.1.14519.5.2.1.5168.1900.285563119302122502902243688291,PT,1.3.6.1.4.1.14519.5.2.1.5168.1900.196863983290572645708103783563,267,C:\sts_data\soft_tissue_sarcoma\soft_tissue_sarcoma\STS_035\1.3.6.1.4.1.14519.5.2.1.5168.1900.196863983290572645708103783563\PT_1.3.6.1.4.1.14519.5.2.1.5168.1900.285563119302122502902243688291
STS_035,1.3.6.1.4.1.14519.5.2.1.5168.1900.121442634686631656003045218988,RTSTRUCT,1.3.6.1.4.1.14519.5.2.1.5168.1900.196863983290572645708103783563,1,C:\sts_data\soft_tissue_sarcoma\soft_tissue_sarcoma\STS_035\1.3.6.1.4.1.14519.5.2.1.5168.1900.196863983290572645708103783563\RTSTRUCT_1.3.6.1.4.1.14519.5.2.1.5168.1900.121442634686631656003045218988
STS_035,1.3.6.1.4.1.14519.5.2.1.5168.1900.149523855614138264124611108837,RTSTRUCT,1.3.6.1.4.1.14519.5.2.1.5168.1900.196863983290572645708103783563,1,C:\sts_data\soft_tissue_sarcoma\soft_tissue_sarcoma\STS_035\1.3.6.1.4.1.14519.5.2.1.5168.1900.196863983290572645708103783563\RTSTRUCT_1.3.6.1.4.1.14519.5.2.1.5168.1900.149523855614138264124611108837
STS_035,1.3.6.1.4.1.14519.5.2.1.5168.1900.184420462350653819850091171134,RTSTRUCT,1.3.6.1.4.1.14519.5.2.1.5168.1900.196863983290572645708103783563,1,C:\sts_data\soft_tissue_sarcoma\soft_tissue_sarcoma\STS_035\1.3.6.1.4.1.14519.5.2.1.5168.1900.196863983290572645708103783563\RTSTRUCT_1.3.6.1.4.1.14519.5.2.1.5168.1900.184420462350653819850091171134
STS_035,1.3.6.1.4.1.14519.5.2.1.5168.1900.335175132853306620966936424212,RTSTRUCT,1.3.6.1.4.1.14519.5.2.1.5168.1900.196863983290572645708103783563,1,C:\sts_data\soft_tissue_sarcoma\soft_tissue_sarcoma\STS_035\1.3.6.1.4.1.14519.5.2.1.5168.1900.196863983290572645708103783563\RTSTRUCT_1.3.6.1.4.1.14519.5.2.1.5168.1900.335175132853306620966936424212
STS_035,1.3.6.1.4.1.14519.5.2.1.5168.1900.326311208432552176211062622730,MR,1.3.6.1.4.1.14519.5.2.1.5168.1900.517248714345382849111607475793,32,C:\sts_data\soft_tissue_sarcoma\soft_tissue_sarcoma\STS_035\1.3.6.1.4.1.14519.5.2.1.5168.1900.517248714345382849111607475793\MR_1.3.6.1.4.1.14519.5.2.1.5168.1900.326311208432552176211062622730
STS_035,1.3.6.1.4.1.14519.5.2.1.5168.1900.372605771167355453945830842387,MR,1.3.6.1.4.1.14519.5.2.1.5168.1900.517248714345382849111607475793,32,C:\sts_data\soft_tissue_sarcoma\soft_tissue_sarcoma\STS_035\1.3.6.1.4.1.14519.5.2.1.5168.1900.517248714345382849111607475793\MR_1.3.6.1.4.1.14519.5.2.1.5168.1900.372605771167355453945830842387
STS_035,1.3.6.1.4.1.14519.5.2.1.5168.1900.150421522527965407170623273239,RTSTRUCT,1.3.6.1.4.1.14519.5.2.1.5168.1900.517248714345382849111607475793,1,C:\sts_data\soft_tissue_sarcoma\soft_tissue_sarcoma\STS_035\1.3.6.1.4.1.14519.5.2.1.5168.1900.517248714345382849111607475793\RTSTRUCT_1.3.6.1.4.1.14519.5.2.1.5168.1900.150421522527965407170623273239
STS_035,1.3.6.1.4.1.14519.5.2.1.5168.1900.268014339669363340170018296473,RTSTRUCT,1.3.6.1.4.1.14519.5.2.1.5168.1900.517248714345382849111607475793,1,C:\sts_data\soft_tissue_sarcoma\soft_tissue_sarcoma\STS_035\1.3.6.1.4.1.14519.5.2.1.5168.1900.517248714345382849111607475793\RTSTRUCT_1.3.6.1.4.1.14519.5.2.1.5168.1900.268014339669363340170018296473
STS_036,1.3.6.1.4.1.14519.5.2.1.5168.1900.103814160129376112983160841229,MR,1.3.6.1.4.1.14519.5.2.1.5168.1900.151571359487941069374230211999,44,C:\sts_data\soft_tissue_sarcoma\soft_tissue_sarcoma\STS_036\1.3.6.1.4.1.14519.5.2.1.5168.1900.151571359487941069374230211999\MR_1.3.6.1.4.1.14519.5.2.1.5168.1900.103814160129376112983160841229
STS_036,1.3.6.1.4.1.14519.5.2.1.5168.1900.300161246843602623520691755268,MR,1.3.6.1.4.1.14519.5.2.1.5168.1900.151571359487941069374230211999,44,C:\sts_data\soft_tissue_sarcoma\soft_tissue_sarcoma\STS_036\1.3.6.1.4.1.14519.5.2.1.5168.1900.151571359487941069374230211999\MR_1.3.6.1.4.1.14519.5.2.1.5168.1900.300161246843602623520691755268
STS_036,1.3.6.1.4.1.14519.5.2.1.5168.1900.244966347348111181907413362314,RTSTRUCT,1.3.6.1.4.1.14519.5.2.1.5168.1900.151571359487941069374230211999,1,C:\sts_data\soft_tissue_sarcoma\soft_tissue_sarcoma\STS_036\1.3.6.1.4.1.14519.5.2.1.5168.1900.151571359487941069374230211999\RTSTRUCT_1.3.6.1.4.1.14519.5.2.1.5168.1900.244966347348111181907413362314
STS_036,1.3.6.1.4.1.14519.5.2.1.5168.1900.254629258979548248371593211897,RTSTRUCT,1.3.6.1.4.1.14519.5.2.1.5168.1900.151571359487941069374230211999,1,C:\sts_data\soft_tissue_sarcoma\soft_tissue_sarcoma\STS_036\1.3.6.1.4.1.14519.5.2.1.5168.1900.151571359487941069374230211999\RTSTRUCT_1.3.6.1.4.1.14519.5.2.1.5168.1900.254629258979548248371593211897
STS_036,1.3.6.1.4.1.14519.5.2.1.5168.1900.410140902681190621031507018690,CT,1.3.6.1.4.1.14519.5.2.1.5168.1900.739872692999810211030639243048,267,C:\sts_data\soft_tissue_sarcoma\soft_tissue_sarcoma\STS_036\1.3.6.1.4.1.14519.5.2.1.5168.1900.739872692999810211030639243048\CT_1.3.6.1.4.1.14519.5.2.1.5168.1900.410140902681190621031507018690
STS_036,1.3.6.1.4.1.14519.5.2.1.5168.1900.101256131892112534209798830389,MR,1.3.6.1.4.1.14519.5.2.1.5168.1900.739872692999810211030639243048,62,C:\sts_data\soft_tissue_sarcoma\soft_tissue_sarcoma\STS_036\1.3.6.1.4.1.14519.5.2.1.5168.1900.739872692999810211030639243048\MR_1.3.6.1.4.1.14519.5.2.1.5168.1900.101256131892112534209798830389
STS_036,1.3.6.1.4.1.14519.5.2.1.5168.1900.162180323904808937122750160320,MR,1.3.6.1.4.1.14519.5.2.1.5168.1900.739872692999810211030639243048,77,C:\sts_data\soft_tissue_sarcoma\soft_tissue_sarcoma\STS_036\1.3.6.1.4.1.14519.5.2.1.5168.1900.739872692999810211030639243048\MR_1.3.6.1.4.1.14519.5.2.1.5168.1900.162180323904808937122750160320
STS_036,1.3.6.1.4.1.14519.5.2.1.5168.1900.258849160780848406883606293851,PT,1.3.6.1.4.1.14519.5.2.1.5168.1900.739872692999810211030639243048,267,C:\sts_data\soft_tissue_sarcoma\soft_tissue_sarcoma\STS_036\1.3.6.1.4.1.14519.5.2.1.5168.1900.739872692999810211030639243048\PT_1.3.6.1.4.1.14519.5.2.1.5168.1900.258849160780848406883606293851
STS_036,1.3.6.1.4.1.14519.5.2.1.5168.1900.163551042335181629382895005824,RTSTRUCT,1.3.6.1.4.1.14519.5.2.1.5168.1900.739872692999810211030639243048,1,C:\sts_data\soft_tissue_sarcoma\soft_tissue_sarcoma\STS_036\1.3.6.1.4.1.14519.5.2.1.5168.1900.739872692999810211030639243048\RTSTRUCT_1.3.6.1.4.1.14519.5.2.1.5168.1900.163551042335181629382895005824
STS_036,1.3.6.1.4.1.14519.5.2.1.5168.1900.266744743920781098194424596364,RTSTRUCT,1.3.6.1.4.1.14519.5.2.1.5168.1900.739872692999810211030639243048,1,C:\sts_data\soft_tissue_sarcoma\soft_tissue_sarcoma\STS_036\1.3.6.1.4.1.14519.5.2.1.5168.1900.739872692999810211030639243048\RTSTRUCT_1.3.6.1.4.1.14519.5.2.1.5168.1900.266744743920781098194424596364
STS_036,1.3.6.1.4.1.14519.5.2.1.5168.1900.303492099928680587354206726013,RTSTRUCT,1.3.6.1.4.1.14519.5.2.1.5168.1900.739872692999810211030639243048,1,C:\sts_data\soft_tissue_sarcoma\soft_tissue_sarcoma\STS_036\1.3.6.1.4.1.14519.5.2.1.5168.1900.739872692999810211030639243048\RTSTRUCT_1.3.6.1.4.1.14519.5.2.1.5168.1900.303492099928680587354206726013
STS_036,1.3.6.1.4.1.14519.5.2.1.5168.1900.517851787449457662371773114989,RTSTRUCT,1.3.6.1.4.1.14519.5.2.1.5168.1900.739872692999810211030639243048,1,C:\sts_data\soft_tissue_sarcoma\soft_tissue_sarcoma\STS_036\1.3.6.1.4.1.14519.5.2.1.5168.1900.739872692999810211030639243048\RTSTRUCT_1.3.6.1.4.1.14519.5.2.1.5168.1900.517851787449457662371773114989
STS_037,1.3.6.1.4.1.14519.5.2.1.5168.1900.806003955463396110734980428715,CT,1.3.6.1.4.1.14519.5.2.1.5168.1900.109604548854137743153429633943,267,C:\sts_data\soft_tissue_sarcoma\soft_tissue_sarcoma\STS_037\1.3.6.1.4.1.14519.5.2.1.5168.1900.109604548854137743153429633943\CT_1.3.6.1.4.1.14519.5.2.1.5168.1900.806003955463396110734980428715
STS_037,1.3.6.1.4.1.14519.5.2.1.5168.1900.138972375797863562029440199147,MR,1.3.6.1.4.1.14519.5.2.1.5168.1900.109604548854137743153429633943,74,C:\sts_data\soft_tissue_sarcoma\soft_tissue_sarcoma\STS_037\1.3.6.1.4.1.14519.5.2.1.5168.1900.109604548854137743153429633943\MR_1.3.6.1.4.1.14519.5.2.1.5168.1900.138972375797863562029440199147
STS_037,1.3.6.1.4.1.14519.5.2.1.5168.1900.155314494644354348297125695292,MR,1.3.6.1.4.1.14519.5.2.1.5168.1900.109604548854137743153429633943,81,C:\sts_data\soft_tissue_sarcoma\soft_tissue_sarcoma\STS_037\1.3.6.1.4.1.14519.5.2.1.5168.1900.109604548854137743153429633943\MR_1.3.6.1.4.1.14519.5.2.1.5168.1900.155314494644354348297125695292
STS_037,1.3.6.1.4.1.14519.5.2.1.5168.1900.122038814987068655637314752576,PT,1.3.6.1.4.1.14519.5.2.1.5168.1900.109604548854137743153429633943,267,C:\sts_data\soft_tissue_sarcoma\soft_tissue_sarcoma\STS_037\1.3.6.1.4.1.14519.5.2.1.5168.1900.109604548854137743153429633943\PT_1.3.6.1.4.1.14519.5.2.1.5168.1900.122038814987068655637314752576
STS_037,1.3.6.1.4.1.14519.5.2.1.5168.1900.116853997649296087489851377569,RTSTRUCT,1.3.6.1.4.1.14519.5.2.1.5168.1900.109604548854137743153429633943,1,C:\sts_data\soft_tissue_sarcoma\soft_tissue_sarcoma\STS_037\1.3.6.1.4.1.14519.5.2.1.5168.1900.109604548854137743153429633943\RTSTRUCT_1.3.6.1.4.1.14519.5.2.1.5168.1900.116853997649296087489851377569
STS_037,1.3.6.1.4.1.14519.5.2.1.5168.1900.125203208496856287143479543670,RTSTRUCT,1.3.6.1.4.1.14519.5.2.1.5168.1900.109604548854137743153429633943,1,C:\sts_data\soft_tissue_sarcoma\soft_tissue_sarcoma\STS_037\1.3.6.1.4.1.14519.5.2.1.5168.1900.109604548854137743153429633943\RTSTRUCT_1.3.6.1.4.1.14519.5.2.1.5168.1900.125203208496856287143479543670
STS_037,1.3.6.1.4.1.14519.5.2.1.5168.1900.244448518126063469243137568499,RTSTRUCT,1.3.6.1.4.1.14519.5.2.1.5168.1900.109604548854137743153429633943,1,C:\sts_data\soft_tissue_sarcoma\soft_tissue_sarcoma\STS_037\1.3.6.1.4.1.14519.5.2.1.5168.1900.109604548854137743153429633943\RTSTRUCT_1.3.6.1.4.1.14519.5.2.1.5168.1900.244448518126063469243137568499
STS_037,1.3.6.1.4.1.14519.5.2.1.5168.1900.248704114709233615825812801610,RTSTRUCT,1.3.6.1.4.1.14519.5.2.1.5168.1900.109604548854137743153429633943,1,C:\sts_data\soft_tissue_sarcoma\soft_tissue_sarcoma\STS_037\1.3.6.1.4.1.14519.5.2.1.5168.1900.109604548854137743153429633943\RTSTRUCT_1.3.6.1.4.1.14519.5.2.1.5168.1900.248704114709233615825812801610
STS_037,1.3.6.1.4.1.14519.5.2.1.5168.1900.100874983566290974684117628459,MR,1.3.6.1.4.1.14519.5.2.1.5168.1900.399596773497664014956735895961,30,C:\sts_data\soft_tissue_sarcoma\soft_tissue_sarcoma\STS_037\1.3.6.1.4.1.14519.5.2.1.5168.1900.399596773497664014956735895961\MR_1.3.6.1.4.1.14519.5.2.1.5168.1900.100874983566290974684117628459
STS_037,1.3.6.1.4.1.14519.5.2.1.5168.1900.671069827721264602438712152503,MR,1.3.6.1.4.1.14519.5.2.1.5168.1900.399596773497664014956735895961,30,C:\sts_data\soft_tissue_sarcoma\soft_tissue_sarcoma\STS_037\1.3.6.1.4.1.14519.5.2.1.5168.1900.399596773497664014956735895961\MR_1.3.6.1.4.1.14519.5.2.1.5168.1900.671069827721264602438712152503
STS_037,1.3.6.1.4.1.14519.5.2.1.5168.1900.290697225997316522522152532497,RTSTRUCT,1.3.6.1.4.1.14519.5.2.1.5168.1900.399596773497664014956735895961,1,C:\sts_data\soft_tissue_sarcoma\soft_tissue_sarcoma\STS_037\1.3.6.1.4.1.14519.5.2.1.5168.1900.399596773497664014956735895961\RTSTRUCT_1.3.6.1.4.1.14519.5.2.1.5168.1900.290697225997316522522152532497
STS_037,1.3.6.1.4.1.14519.5.2.1.5168.1900.888690946762509792845657720223,RTSTRUCT,1.3.6.1.4.1.14519.5.2.1.5168.1900.399596773497664014956735895961,1,C:\sts_data\soft_tissue_sarcoma\soft_tissue_sarcoma\STS_037\1.3.6.1.4.1.14519.5.2.1.5168.1900.399596773497664014956735895961\RTSTRUCT_1.3.6.1.4.1.14519.5.2.1.5168.1900.888690946762509792845657720223
STS_038,1.3.6.1.4.1.14519.5.2.1.5168.1900.134762511096759500776215664186,MR,1.3.6.1.4.1.14519.5.2.1.5168.1900.155764294524963174342580736277,40,C:\sts_data\soft_tissue_sarcoma\soft_tissue_sarcoma\STS_038\1.3.6.1.4.1.14519.5.2.1.5168.1900.155764294524963174342580736277\MR_1.3.6.1.4.1.14519.5.2.1.5168.1900.134762511096759500776215664186
STS_038,1.3.6.1.4.1.14519.5.2.1.5168.1900.201546489172522856135066035252,MR,1.3.6.1.4.1.14519.5.2.1.5168.1900.155764294524963174342580736277,40,C:\sts_data\soft_tissue_sarcoma\soft_tissue_sarcoma\STS_038\1.3.6.1.4.1.14519.5.2.1.5168.1900.155764294524963174342580736277\MR_1.3.6.1.4.1.14519.5.2.1.5168.1900.201546489172522856135066035252
STS_038,1.3.6.1.4.1.14519.5.2.1.5168.1900.136618498622285794531505416198,RTSTRUCT,1.3.6.1.4.1.14519.5.2.1.5168.1900.155764294524963174342580736277,1,C:\sts_data\soft_tissue_sarcoma\soft_tissue_sarcoma\STS_038\1.3.6.1.4.1.14519.5.2.1.5168.1900.155764294524963174342580736277\RTSTRUCT_1.3.6.1.4.1.14519.5.2.1.5168.1900.136618498622285794531505416198
STS_038,1.3.6.1.4.1.14519.5.2.1.5168.1900.274134944847581994041273788787,RTSTRUCT,1.3.6.1.4.1.14519.5.2.1.5168.1900.155764294524963174342580736277,1,C:\sts_data\soft_tissue_sarcoma\soft_tissue_sarcoma\STS_038\1.3.6.1.4.1.14519.5.2.1.5168.1900.155764294524963174342580736277\RTSTRUCT_1.3.6.1.4.1.14519.5.2.1.5168.1900.274134944847581994041273788787
STS_038,1.3.6.1.4.1.14519.5.2.1.5168.1900.128236400784850212969105003036,CT,1.3.6.1.4.1.14519.5.2.1.5168.1900.279303591429737871478983010497,267,C:\sts_data\soft_tissue_sarcoma\soft_tissue_sarcoma\STS_038\1.3.6.1.4.1.14519.5.2.1.5168.1900.279303591429737871478983010497\CT_1.3.6.1.4.1.14519.5.2.1.5168.1900.128236400784850212969105003036
STS_038,1.3.6.1.4.1.14519.5.2.1.5168.1900.181748149776249824789734302418,MR,1.3.6.1.4.1.14519.5.2.1.5168.1900.279303591429737871478983010497,52,C:\sts_data\soft_tissue_sarcoma\soft_tissue_sarcoma\STS_038\1.3.6.1.4.1.14519.5.2.1.5168.1900.279303591429737871478983010497\MR_1.3.6.1.4.1.14519.5.2.1.5168.1900.181748149776249824789734302418
STS_038,1.3.6.1.4.1.14519.5.2.1.5168.1900.276269469280899537098978589867,MR,1.3.6.1.4.1.14519.5.2.1.5168.1900.279303591429737871478983010497,55,C:\sts_data\soft_tissue_sarcoma\soft_tissue_sarcoma\STS_038\1.3.6.1.4.1.14519.5.2.1.5168.1900.279303591429737871478983010497\MR_1.3.6.1.4.1.14519.5.2.1.5168.1900.276269469280899537098978589867
STS_038,1.3.6.1.4.1.14519.5.2.1.5168.1900.130756620538148500668401629854,PT,1.3.6.1.4.1.14519.5.2.1.5168.1900.279303591429737871478983010497,267,C:\sts_data\soft_tissue_sarcoma\soft_tissue_sarcoma\STS_038\1.3.6.1.4.1.14519.5.2.1.5168.1900.279303591429737871478983010497\PT_1.3.6.1.4.1.14519.5.2.1.5168.1900.130756620538148500668401629854
STS_038,1.3.6.1.4.1.14519.5.2.1.5168.1900.197188445630535369016698565209,RTSTRUCT,1.3.6.1.4.1.14519.5.2.1.5168.1900.279303591429737871478983010497,1,C:\sts_data\soft_tissue_sarcoma\soft_tissue_sarcoma\STS_038\1.3.6.1.4.1.14519.5.2.1.5168.1900.279303591429737871478983010497\RTSTRUCT_1.3.6.1.4.1.14519.5.2.1.5168.1900.197188445630535369016698565209
STS_038,1.3.6.1.4.1.14519.5.2.1.5168.1900.234543090753659640872221888145,RTSTRUCT,1.3.6.1.4.1.14519.5.2.1.5168.1900.279303591429737871478983010497,1,C:\sts_data\soft_tissue_sarcoma\soft_tissue_sarcoma\STS_038\1.3.6.1.4.1.14519.5.2.1.5168.1900.279303591429737871478983010497\RTSTRUCT_1.3.6.1.4.1.14519.5.2.1.5168.1900.234543090753659640872221888145
STS_038,1.3.6.1.4.1.14519.5.2.1.5168.1900.237220401368830670813875769050,RTSTRUCT,1.3.6.1.4.1.14519.5.2.1.5168.1900.279303591429737871478983010497,1,C:\sts_data\soft_tissue_sarcoma\soft_tissue_sarcoma\STS_038\1.3.6.1.4.1.14519.5.2.1.5168.1900.279303591429737871478983010497\RTSTRUCT_1.3.6.1.4.1.14519.5.2.1.5168.1900.237220401368830670813875769050
STS_038,1.3.6.1.4.1.14519.5.2.1.5168.1900.313804726990409257293312479165,RTSTRUCT,1.3.6.1.4.1.14519.5.2.1.5168.1900.279303591429737871478983010497,1,C:\sts_data\soft_tissue_sarcoma\soft_tissue_sarcoma\STS_038\1.3.6.1.4.1.14519.5.2.1.5168.1900.279303591429737871478983010497\RTSTRUCT_1.3.6.1.4.1.14519.5.2.1.5168.1900.313804726990409257293312479165
STS_039,1.3.6.1.4.1.14519.5.2.1.5168.1900.243504136576289222139430212588,MR,1.3.6.1.4.1.14519.5.2.1.5168.1900.127476551924454924690466080909,40,C:\sts_data\soft_tissue_sarcoma\soft_tissue_sarcoma\STS_039\1.3.6.1.4.1.14519.5.2.1.5168.1900.127476551924454924690466080909\MR_1.3.6.1.4.1.14519.5.2.1.5168.1900.243504136576289222139430212588
STS_039,1.3.6.1.4.1.14519.5.2.1.5168.1900.333370203114430787365696913772,MR,1.3.6.1.4.1.14519.5.2.1.5168.1900.127476551924454924690466080909,40,C:\sts_data\soft_tissue_sarcoma\soft_tissue_sarcoma\STS_039\1.3.6.1.4.1.14519.5.2.1.5168.1900.127476551924454924690466080909\MR_1.3.6.1.4.1.14519.5.2.1.5168.1900.333370203114430787365696913772
STS_039,1.3.6.1.4.1.14519.5.2.1.5168.1900.320184010218938408516664535465,RTSTRUCT,1.3.6.1.4.1.14519.5.2.1.5168.1900.127476551924454924690466080909,1,C:\sts_data\soft_tissue_sarcoma\soft_tissue_sarcoma\STS_039\1.3.6.1.4.1.14519.5.2.1.5168.1900.127476551924454924690466080909\RTSTRUCT_1.3.6.1.4.1.14519.5.2.1.5168.1900.320184010218938408516664535465
STS_039,1.3.6.1.4.1.14519.5.2.1.5168.1900.322648911138169196470085732056,RTSTRUCT,1.3.6.1.4.1.14519.5.2.1.5168.1900.127476551924454924690466080909,1,C:\sts_data\soft_tissue_sarcoma\soft_tissue_sarcoma\STS_039\1.3.6.1.4.1.14519.5.2.1.5168.1900.127476551924454924690466080909\RTSTRUCT_1.3.6.1.4.1.14519.5.2.1.5168.1900.322648911138169196470085732056
STS_039,1.3.6.1.4.1.14519.5.2.1.5168.1900.122982333133160398995070072851,CT,1.3.6.1.4.1.14519.5.2.1.5168.1900.182345182624714620341375019001,267,C:\sts_data\soft_tissue_sarcoma\soft_tissue_sarcoma\STS_039\1.3.6.1.4.1.14519.5.2.1.5168.1900.182345182624714620341375019001\CT_1.3.6.1.4.1.14519.5.2.1.5168.1900.122982333133160398995070072851
STS_039,1.3.6.1.4.1.14519.5.2.1.5168.1900.172895370103866401486740554344,MR,1.3.6.1.4.1.14519.5.2.1.5168.1900.182345182624714620341375019001,86,C:\sts_data\soft_tissue_sarcoma\soft_tissue_sarcoma\STS_039\1.3.6.1.4.1.14519.5.2.1.5168.1900.182345182624714620341375019001\MR_1.3.6.1.4.1.14519.5.2.1.5168.1900.172895370103866401486740554344
STS_039,1.3.6.1.4.1.14519.5.2.1.5168.1900.960431033422287479714156907074,MR,1.3.6.1.4.1.14519.5.2.1.5168.1900.182345182624714620341375019001,90,C:\sts_data\soft_tissue_sarcoma\soft_tissue_sarcoma\STS_039\1.3.6.1.4.1.14519.5.2.1.5168.1900.182345182624714620341375019001\MR_1.3.6.1.4.1.14519.5.2.1.5168.1900.960431033422287479714156907074
STS_039,1.3.6.1.4.1.14519.5.2.1.5168.1900.308943140883937555896788146673,PT,1.3.6.1.4.1.14519.5.2.1.5168.1900.182345182624714620341375019001,267,C:\sts_data\soft_tissue_sarcoma\soft_tissue_sarcoma\STS_039\1.3.6.1.4.1.14519.5.2.1.5168.1900.182345182624714620341375019001\PT_1.3.6.1.4.1.14519.5.2.1.5168.1900.308943140883937555896788146673
STS_039,1.3.6.1.4.1.14519.5.2.1.5168.1900.202577654920954444219084062178,RTSTRUCT,1.3.6.1.4.1.14519.5.2.1.5168.1900.182345182624714620341375019001,1,C:\sts_data\soft_tissue_sarcoma\soft_tissue_sarcoma\STS_039\1.3.6.1.4.1.14519.5.2.1.5168.1900.182345182624714620341375019001\RTSTRUCT_1.3.6.1.4.1.14519.5.2.1.5168.1900.202577654920954444219084062178
STS_039,1.3.6.1.4.1.14519.5.2.1.5168.1900.245447775201878087365416524555,RTSTRUCT,1.3.6.1.4.1.14519.5.2.1.5168.1900.182345182624714620341375019001,1,C:\sts_data\soft_tissue_sarcoma\soft_tissue_sarcoma\STS_039\1.3.6.1.4.1.14519.5.2.1.5168.1900.182345182624714620341375019001\RTSTRUCT_1.3.6.1.4.1.14519.5.2.1.5168.1900.245447775201878087365416524555
STS_039,1.3.6.1.4.1.14519.5.2.1.5168.1900.551486520011144199829829913791,RTSTRUCT,1.3.6.1.4.1.14519.5.2.1.5168.1900.182345182624714620341375019001,1,C:\sts_data\soft_tissue_sarcoma\soft_tissue_sarcoma\STS_039\1.3.6.1.4.1.14519.5.2.1.5168.1900.182345182624714620341375019001\RTSTRUCT_1.3.6.1.4.1.14519.5.2.1.5168.1900.551486520011144199829829913791
STS_039,1.3.6.1.4.1.14519.5.2.1.5168.1900.721196846078263905000334258546,RTSTRUCT,1.3.6.1.4.1.14519.5.2.1.5168.1900.182345182624714620341375019001,1,C:\sts_data\soft_tissue_sarcoma\soft_tissue_sarcoma\STS_039\1.3.6.1.4.1.14519.5.2.1.5168.1900.182345182624714620341375019001\RTSTRUCT_1.3.6.1.4.1.14519.5.2.1.5168.1900.721196846078263905000334258546
STS_040,1.3.6.1.4.1.14519.5.2.1.5168.1900.312420712750450209120260897514,CT,1.3.6.1.4.1.14519.5.2.1.5168.1900.115384553692459441419317900120,267,C:\sts_data\soft_tissue_sarcoma\soft_tissue_sarcoma\STS_040\1.3.6.1.4.1.14519.5.2.1.5168.1900.115384553692459441419317900120\CT_1.3.6.1.4.1.14519.5.2.1.5168.1900.312420712750450209120260897514
STS_040,1.3.6.1.4.1.14519.5.2.1.5168.1900.337286961749349747177856705932,MR,1.3.6.1.4.1.14519.5.2.1.5168.1900.115384553692459441419317900120,56,C:\sts_data\soft_tissue_sarcoma\soft_tissue_sarcoma\STS_040\1.3.6.1.4.1.14519.5.2.1.5168.1900.115384553692459441419317900120\MR_1.3.6.1.4.1.14519.5.2.1.5168.1900.337286961749349747177856705932
STS_040,1.3.6.1.4.1.14519.5.2.1.5168.1900.372010671000103577039674066896,MR,1.3.6.1.4.1.14519.5.2.1.5168.1900.115384553692459441419317900120,57,C:\sts_data\soft_tissue_sarcoma\soft_tissue_sarcoma\STS_040\1.3.6.1.4.1.14519.5.2.1.5168.1900.115384553692459441419317900120\MR_1.3.6.1.4.1.14519.5.2.1.5168.1900.372010671000103577039674066896
STS_040,1.3.6.1.4.1.14519.5.2.1.5168.1900.195100674832026104807657164849,PT,1.3.6.1.4.1.14519.5.2.1.5168.1900.115384553692459441419317900120,267,C:\sts_data\soft_tissue_sarcoma\soft_tissue_sarcoma\STS_040\1.3.6.1.4.1.14519.5.2.1.5168.1900.115384553692459441419317900120\PT_1.3.6.1.4.1.14519.5.2.1.5168.1900.195100674832026104807657164849
STS_040,1.3.6.1.4.1.14519.5.2.1.5168.1900.102764706732055983295941859479,RTSTRUCT,1.3.6.1.4.1.14519.5.2.1.5168.1900.115384553692459441419317900120,1,C:\sts_data\soft_tissue_sarcoma\soft_tissue_sarcoma\STS_040\1.3.6.1.4.1.14519.5.2.1.5168.1900.115384553692459441419317900120\RTSTRUCT_1.3.6.1.4.1.14519.5.2.1.5168.1900.102764706732055983295941859479
STS_040,1.3.6.1.4.1.14519.5.2.1.5168.1900.202324046874779613705225270416,RTSTRUCT,1.3.6.1.4.1.14519.5.2.1.5168.1900.115384553692459441419317900120,1,C:\sts_data\soft_tissue_sarcoma\soft_tissue_sarcoma\STS_040\1.3.6.1.4.1.14519.5.2.1.5168.1900.115384553692459441419317900120\RTSTRUCT_1.3.6.1.4.1.14519.5.2.1.5168.1900.202324046874779613705225270416
STS_040,1.3.6.1.4.1.14519.5.2.1.5168.1900.256876509460652364491108785296,RTSTRUCT,1.3.6.1.4.1.14519.5.2.1.5168.1900.115384553692459441419317900120,1,C:\sts_data\soft_tissue_sarcoma\soft_tissue_sarcoma\STS_040\1.3.6.1.4.1.14519.5.2.1.5168.1900.115384553692459441419317900120\RTSTRUCT_1.3.6.1.4.1.14519.5.2.1.5168.1900.256876509460652364491108785296
STS_040,1.3.6.1.4.1.14519.5.2.1.5168.1900.849193590721677931395480303970,RTSTRUCT,1.3.6.1.4.1.14519.5.2.1.5168.1900.115384553692459441419317900120,1,C:\sts_data\soft_tissue_sarcoma\soft_tissue_sarcoma\STS_040\1.3.6.1.4.1.14519.5.2.1.5168.1900.115384553692459441419317900120\RTSTRUCT_1.3.6.1.4.1.14519.5.2.1.5168.1900.849193590721677931395480303970
STS_040,1.3.6.1.4.1.14519.5.2.1.5168.1900.148914696969002050713516731770,MR,1.3.6.1.4.1.14519.5.2.1.5168.1900.226512162619941362079506989655,24,C:\sts_data\soft_tissue_sarcoma\soft_tissue_sarcoma\STS_040\1.3.6.1.4.1.14519.5.2.1.5168.1900.226512162619941362079506989655\MR_1.3.6.1.4.1.14519.5.2.1.5168.1900.148914696969002050713516731770
STS_040,1.3.6.1.4.1.14519.5.2.1.5168.1900.426189249282117680144490872363,MR,1.3.6.1.4.1.14519.5.2.1.5168.1900.226512162619941362079506989655,24,C:\sts_data\soft_tissue_sarcoma\soft_tissue_sarcoma\STS_040\1.3.6.1.4.1.14519.5.2.1.5168.1900.226512162619941362079506989655\MR_1.3.6.1.4.1.14519.5.2.1.5168.1900.426189249282117680144490872363
STS_040,1.3.6.1.4.1.14519.5.2.1.5168.1900.170164581488856545000193990553,RTSTRUCT,1.3.6.1.4.1.14519.5.2.1.5168.1900.226512162619941362079506989655,1,C:\sts_data\soft_tissue_sarcoma\soft_tissue_sarcoma\STS_040\1.3.6.1.4.1.14519.5.2.1.5168.1900.226512162619941362079506989655\RTSTRUCT_1.3.6.1.4.1.14519.5.2.1.5168.1900.170164581488856545000193990553
STS_040,1.3.6.1.4.1.14519.5.2.1.5168.1900.266856964815039681098404476730,RTSTRUCT,1.3.6.1.4.1.14519.5.2.1.5168.1900.226512162619941362079506989655,1,C:\sts_data\soft_tissue_sarcoma\soft_tissue_sarcoma\STS_040\1.3.6.1.4.1.14519.5.2.1.5168.1900.226512162619941362079506989655\RTSTRUCT_1.3.6.1.4.1.14519.5.2.1.5168.1900.266856964815039681098404476730
STS_041,1.3.6.1.4.1.14519.5.2.1.5168.1900.774282824211445184724368928687,CT,1.3.6.1.4.1.14519.5.2.1.5168.1900.122864728403518147104917985376,311,C:\sts_data\soft_tissue_sarcoma\soft_tissue_sarcoma\STS_041\1.3.6.1.4.1.14519.5.2.1.5168.1900.122864728403518147104917985376\CT_1.3.6.1.4.1.14519.5.2.1.5168.1900.774282824211445184724368928687
STS_041,1.3.6.1.4.1.14519.5.2.1.5168.1900.157467615385935563068330233721,MR,1.3.6.1.4.1.14519.5.2.1.5168.1900.122864728403518147104917985376,45,C:\sts_data\soft_tissue_sarcoma\soft_tissue_sarcoma\STS_041\1.3.6.1.4.1.14519.5.2.1.5168.1900.122864728403518147104917985376\MR_1.3.6.1.4.1.14519.5.2.1.5168.1900.157467615385935563068330233721
STS_041,1.3.6.1.4.1.14519.5.2.1.5168.1900.576841458082116228096638787993,MR,1.3.6.1.4.1.14519.5.2.1.5168.1900.122864728403518147104917985376,46,C:\sts_data\soft_tissue_sarcoma\soft_tissue_sarcoma\STS_041\1.3.6.1.4.1.14519.5.2.1.5168.1900.122864728403518147104917985376\MR_1.3.6.1.4.1.14519.5.2.1.5168.1900.576841458082116228096638787993
STS_041,1.3.6.1.4.1.14519.5.2.1.5168.1900.282141208106257209883145428208,PT,1.3.6.1.4.1.14519.5.2.1.5168.1900.122864728403518147104917985376,311,C:\sts_data\soft_tissue_sarcoma\soft_tissue_sarcoma\STS_041\1.3.6.1.4.1.14519.5.2.1.5168.1900.122864728403518147104917985376\PT_1.3.6.1.4.1.14519.5.2.1.5168.1900.282141208106257209883145428208
STS_041,1.3.6.1.4.1.14519.5.2.1.5168.1900.170628526508195946985404947858,RTSTRUCT,1.3.6.1.4.1.14519.5.2.1.5168.1900.122864728403518147104917985376,1,C:\sts_data\soft_tissue_sarcoma\soft_tissue_sarcoma\STS_041\1.3.6.1.4.1.14519.5.2.1.5168.1900.122864728403518147104917985376\RTSTRUCT_1.3.6.1.4.1.14519.5.2.1.5168.1900.170628526508195946985404947858
STS_041,1.3.6.1.4.1.14519.5.2.1.5168.1900.328167315746204240659254096037,RTSTRUCT,1.3.6.1.4.1.14519.5.2.1.5168.1900.122864728403518147104917985376,1,C:\sts_data\soft_tissue_sarcoma\soft_tissue_sarcoma\STS_041\1.3.6.1.4.1.14519.5.2.1.5168.1900.122864728403518147104917985376\RTSTRUCT_1.3.6.1.4.1.14519.5.2.1.5168.1900.328167315746204240659254096037
STS_041,1.3.6.1.4.1.14519.5.2.1.5168.1900.406263272856256799397312006105,RTSTRUCT,1.3.6.1.4.1.14519.5.2.1.5168.1900.122864728403518147104917985376,1,C:\sts_data\soft_tissue_sarcoma\soft_tissue_sarcoma\STS_041\1.3.6.1.4.1.14519.5.2.1.5168.1900.122864728403518147104917985376\RTSTRUCT_1.3.6.1.4.1.14519.5.2.1.5168.1900.406263272856256799397312006105
STS_041,1.3.6.1.4.1.14519.5.2.1.5168.1900.709691144564740374607892754860,RTSTRUCT,1.3.6.1.4.1.14519.5.2.1.5168.1900.122864728403518147104917985376,1,C:\sts_data\soft_tissue_sarcoma\soft_tissue_sarcoma\STS_041\1.3.6.1.4.1.14519.5.2.1.5168.1900.122864728403518147104917985376\RTSTRUCT_1.3.6.1.4.1.14519.5.2.1.5168.1900.709691144564740374607892754860
STS_041,1.3.6.1.4.1.14519.5.2.1.5168.1900.239403345440430042936684336653,MR,1.3.6.1.4.1.14519.5.2.1.5168.1900.285149579964815316342763835661,42,C:\sts_data\soft_tissue_sarcoma\soft_tissue_sarcoma\STS_041\1.3.6.1.4.1.14519.5.2.1.5168.1900.285149579964815316342763835661\MR_1.3.6.1.4.1.14519.5.2.1.5168.1900.239403345440430042936684336653
STS_041,1.3.6.1.4.1.14519.5.2.1.5168.1900.268647359786145413268994310237,MR,1.3.6.1.4.1.14519.5.2.1.5168.1900.285149579964815316342763835661,42,C:\sts_data\soft_tissue_sarcoma\soft_tissue_sarcoma\STS_041\1.3.6.1.4.1.14519.5.2.1.5168.1900.285149579964815316342763835661\MR_1.3.6.1.4.1.14519.5.2.1.5168.1900.268647359786145413268994310237
STS_041,1.3.6.1.4.1.14519.5.2.1.5168.1900.139132228826961438521713726817,RTSTRUCT,1.3.6.1.4.1.14519.5.2.1.5168.1900.285149579964815316342763835661,1,C:\sts_data\soft_tissue_sarcoma\soft_tissue_sarcoma\STS_041\1.3.6.1.4.1.14519.5.2.1.5168.1900.285149579964815316342763835661\RTSTRUCT_1.3.6.1.4.1.14519.5.2.1.5168.1900.139132228826961438521713726817
STS_041,1.3.6.1.4.1.14519.5.2.1.5168.1900.261424377795021202898343608216,RTSTRUCT,1.3.6.1.4.1.14519.5.2.1.5168.1900.285149579964815316342763835661,1,C:\sts_data\soft_tissue_sarcoma\soft_tissue_sarcoma\STS_041\1.3.6.1.4.1.14519.5.2.1.5168.1900.285149579964815316342763835661\RTSTRUCT_1.3.6.1.4.1.14519.5.2.1.5168.1900.261424377795021202898343608216
STS_042,1.3.6.1.4.1.14519.5.2.1.5168.1900.330977326656436942557941426811,MR,1.3.6.1.4.1.14519.5.2.1.5168.1900.144141336423635557665765813657,32,C:\sts_data\soft_tissue_sarcoma\soft_tissue_sarcoma\STS_042\1.3.6.1.4.1.14519.5.2.1.5168.1900.144141336423635557665765813657\MR_1.3.6.1.4.1.14519.5.2.1.5168.1900.330977326656436942557941426811
STS_042,1.3.6.1.4.1.14519.5.2.1.5168.1900.977718656954972409264072864973,MR,1.3.6.1.4.1.14519.5.2.1.5168.1900.144141336423635557665765813657,32,C:\sts_data\soft_tissue_sarcoma\soft_tissue_sarcoma\STS_042\1.3.6.1.4.1.14519.5.2.1.5168.1900.144141336423635557665765813657\MR_1.3.6.1.4.1.14519.5.2.1.5168.1900.977718656954972409264072864973
STS_042,1.3.6.1.4.1.14519.5.2.1.5168.1900.176755018132301362355035684116,RTSTRUCT,1.3.6.1.4.1.14519.5.2.1.5168.1900.144141336423635557665765813657,1,C:\sts_data\soft_tissue_sarcoma\soft_tissue_sarcoma\STS_042\1.3.6.1.4.1.14519.5.2.1.5168.1900.144141336423635557665765813657\RTSTRUCT_1.3.6.1.4.1.14519.5.2.1.5168.1900.176755018132301362355035684116
STS_042,1.3.6.1.4.1.14519.5.2.1.5168.1900.754591460614493668543082911041,RTSTRUCT,1.3.6.1.4.1.14519.5.2.1.5168.1900.144141336423635557665765813657,1,C:\sts_data\soft_tissue_sarcoma\soft_tissue_sarcoma\STS_042\1.3.6.1.4.1.14519.5.2.1.5168.1900.144141336423635557665765813657\RTSTRUCT_1.3.6.1.4.1.14519.5.2.1.5168.1900.754591460614493668543082911041
STS_042,1.3.6.1.4.1.14519.5.2.1.5168.1900.794918299994114817879846530899,CT,1.3.6.1.4.1.14519.5.2.1.5168.1900.929223508054714369989268962522,223,C:\sts_data\soft_tissue_sarcoma\soft_tissue_sarcoma\STS_042\1.3.6.1.4.1.14519.5.2.1.5168.1900.929223508054714369989268962522\CT_1.3.6.1.4.1.14519.5.2.1.5168.1900.794918299994114817879846530899
STS_042,1.3.6.1.4.1.14519.5.2.1.5168.1900.267095665202251566508102771331,MR,1.3.6.1.4.1.14519.5.2.1.5168.1900.929223508054714369989268962522,52,C:\sts_data\soft_tissue_sarcoma\soft_tissue_sarcoma\STS_042\1.3.6.1.4.1.14519.5.2.1.5168.1900.929223508054714369989268962522\MR_1.3.6.1.4.1.14519.5.2.1.5168.1900.267095665202251566508102771331
STS_042,1.3.6.1.4.1.14519.5.2.1.5168.1900.326012202649017652324801861156,MR,1.3.6.1.4.1.14519.5.2.1.5168.1900.929223508054714369989268962522,42,C:\sts_data\soft_tissue_sarcoma\soft_tissue_sarcoma\STS_042\1.3.6.1.4.1.14519.5.2.1.5168.1900.929223508054714369989268962522\MR_1.3.6.1.4.1.14519.5.2.1.5168.1900.326012202649017652324801861156
STS_042,1.3.6.1.4.1.14519.5.2.1.5168.1900.209283173426729254035068591241,PT,1.3.6.1.4.1.14519.5.2.1.5168.1900.929223508054714369989268962522,223,C:\sts_data\soft_tissue_sarcoma\soft_tissue_sarcoma\STS_042\1.3.6.1.4.1.14519.5.2.1.5168.1900.929223508054714369989268962522\PT_1.3.6.1.4.1.14519.5.2.1.5168.1900.209283173426729254035068591241
STS_042,1.3.6.1.4.1.14519.5.2.1.5168.1900.113786208581977437470476097904,RTSTRUCT,1.3.6.1.4.1.14519.5.2.1.5168.1900.929223508054714369989268962522,1,C:\sts_data\soft_tissue_sarcoma\soft_tissue_sarcoma\STS_042\1.3.6.1.4.1.14519.5.2.1.5168.1900.929223508054714369989268962522\RTSTRUCT_1.3.6.1.4.1.14519.5.2.1.5168.1900.113786208581977437470476097904
STS_042,1.3.6.1.4.1.14519.5.2.1.5168.1900.227196406437050672846811642010,RTSTRUCT,1.3.6.1.4.1.14519.5.2.1.5168.1900.929223508054714369989268962522,1,C:\sts_data\soft_tissue_sarcoma\soft_tissue_sarcoma\STS_042\1.3.6.1.4.1.14519.5.2.1.5168.1900.929223508054714369989268962522\RTSTRUCT_1.3.6.1.4.1.14519.5.2.1.5168.1900.227196406437050672846811642010
STS_042,1.3.6.1.4.1.14519.5.2.1.5168.1900.464307512981069339204135750148,RTSTRUCT,1.3.6.1.4.1.14519.5.2.1.5168.1900.929223508054714369989268962522,1,C:\sts_data\soft_tissue_sarcoma\soft_tissue_sarcoma\STS_042\1.3.6.1.4.1.14519.5.2.1.5168.1900.929223508054714369989268962522\RTSTRUCT_1.3.6.1.4.1.14519.5.2.1.5168.1900.464307512981069339204135750148
STS_042,1.3.6.1.4.1.14519.5.2.1.5168.1900.868758259480018883081228329592,RTSTRUCT,1.3.6.1.4.1.14519.5.2.1.5168.1900.929223508054714369989268962522,1,C:\sts_data\soft_tissue_sarcoma\soft_tissue_sarcoma\STS_042\1.3.6.1.4.1.14519.5.2.1.5168.1900.929223508054714369989268962522\RTSTRUCT_1.3.6.1.4.1.14519.5.2.1.5168.1900.868758259480018883081228329592
STS_043,1.3.6.1.4.1.14519.5.2.1.5168.1900.187333476409221178353189652627,CT,1.3.6.1.4.1.14519.5.2.1.5168.1900.175581067844872215813644429059,311,C:\sts_data\soft_tissue_sarcoma\soft_tissue_sarcoma\STS_043\1.3.6.1.4.1.14519.5.2.1.5168.1900.175581067844872215813644429059\CT_1.3.6.1.4.1.14519.5.2.1.5168.1900.187333476409221178353189652627
STS_043,1.3.6.1.4.1.14519.5.2.1.5168.1900.253217798734742023741037830836,MR,1.3.6.1.4.1.14519.5.2.1.5168.1900.175581067844872215813644429059,65,C:\sts_data\soft_tissue_sarcoma\soft_tissue_sarcoma\STS_043\1.3.6.1.4.1.14519.5.2.1.5168.1900.175581067844872215813644429059\MR_1.3.6.1.4.1.14519.5.2.1.5168.1900.253217798734742023741037830836
STS_043,1.3.6.1.4.1.14519.5.2.1.5168.1900.273578906942577497750931452626,MR,1.3.6.1.4.1.14519.5.2.1.5168.1900.175581067844872215813644429059,62,C:\sts_data\soft_tissue_sarcoma\soft_tissue_sarcoma\STS_043\1.3.6.1.4.1.14519.5.2.1.5168.1900.175581067844872215813644429059\MR_1.3.6.1.4.1.14519.5.2.1.5168.1900.273578906942577497750931452626
STS_043,1.3.6.1.4.1.14519.5.2.1.5168.1900.108177154626445640524927868688,PT,1.3.6.1.4.1.14519.5.2.1.5168.1900.175581067844872215813644429059,311,C:\sts_data\soft_tissue_sarcoma\soft_tissue_sarcoma\STS_043\1.3.6.1.4.1.14519.5.2.1.5168.1900.175581067844872215813644429059\PT_1.3.6.1.4.1.14519.5.2.1.5168.1900.108177154626445640524927868688
STS_043,1.3.6.1.4.1.14519.5.2.1.5168.1900.126707088196284585723633089344,RTSTRUCT,1.3.6.1.4.1.14519.5.2.1.5168.1900.175581067844872215813644429059,1,C:\sts_data\soft_tissue_sarcoma\soft_tissue_sarcoma\STS_043\1.3.6.1.4.1.14519.5.2.1.5168.1900.175581067844872215813644429059\RTSTRUCT_1.3.6.1.4.1.14519.5.2.1.5168.1900.126707088196284585723633089344
STS_043,1.3.6.1.4.1.14519.5.2.1.5168.1900.274295920626789620528444130075,RTSTRUCT,1.3.6.1.4.1.14519.5.2.1.5168.1900.175581067844872215813644429059,1,C:\sts_data\soft_tissue_sarcoma\soft_tissue_sarcoma\STS_043\1.3.6.1.4.1.14519.5.2.1.5168.1900.175581067844872215813644429059\RTSTRUCT_1.3.6.1.4.1.14519.5.2.1.5168.1900.274295920626789620528444130075
STS_043,1.3.6.1.4.1.14519.5.2.1.5168.1900.315395446452403198392466886804,RTSTRUCT,1.3.6.1.4.1.14519.5.2.1.5168.1900.175581067844872215813644429059,1,C:\sts_data\soft_tissue_sarcoma\soft_tissue_sarcoma\STS_043\1.3.6.1.4.1.14519.5.2.1.5168.1900.175581067844872215813644429059\RTSTRUCT_1.3.6.1.4.1.14519.5.2.1.5168.1900.315395446452403198392466886804
STS_043,1.3.6.1.4.1.14519.5.2.1.5168.1900.725746795856242845921101144214,RTSTRUCT,1.3.6.1.4.1.14519.5.2.1.5168.1900.175581067844872215813644429059,1,C:\sts_data\soft_tissue_sarcoma\soft_tissue_sarcoma\STS_043\1.3.6.1.4.1.14519.5.2.1.5168.1900.175581067844872215813644429059\RTSTRUCT_1.3.6.1.4.1.14519.5.2.1.5168.1900.725746795856242845921101144214
STS_043,1.3.6.1.4.1.14519.5.2.1.5168.1900.275920362343757868508720170893,MR,1.3.6.1.4.1.14519.5.2.1.5168.1900.192336256049048465660085909602,30,C:\sts_data\soft_tissue_sarcoma\soft_tissue_sarcoma\STS_043\1.3.6.1.4.1.14519.5.2.1.5168.1900.192336256049048465660085909602\MR_1.3.6.1.4.1.14519.5.2.1.5168.1900.275920362343757868508720170893
STS_043,1.3.6.1.4.1.14519.5.2.1.5168.1900.833402755673698850614173683036,MR,1.3.6.1.4.1.14519.5.2.1.5168.1900.192336256049048465660085909602,33,C:\sts_data\soft_tissue_sarcoma\soft_tissue_sarcoma\STS_043\1.3.6.1.4.1.14519.5.2.1.5168.1900.192336256049048465660085909602\MR_1.3.6.1.4.1.14519.5.2.1.5168.1900.833402755673698850614173683036
STS_043,1.3.6.1.4.1.14519.5.2.1.5168.1900.195036462574159781501091686036,RTSTRUCT,1.3.6.1.4.1.14519.5.2.1.5168.1900.192336256049048465660085909602,1,C:\sts_data\soft_tissue_sarcoma\soft_tissue_sarcoma\STS_043\1.3.6.1.4.1.14519.5.2.1.5168.1900.192336256049048465660085909602\RTSTRUCT_1.3.6.1.4.1.14519.5.2.1.5168.1900.195036462574159781501091686036
STS_043,1.3.6.1.4.1.14519.5.2.1.5168.1900.258815959570427915598299301934,RTSTRUCT,1.3.6.1.4.1.14519.5.2.1.5168.1900.192336256049048465660085909602,1,C:\sts_data\soft_tissue_sarcoma\soft_tissue_sarcoma\STS_043\1.3.6.1.4.1.14519.5.2.1.5168.1900.192336256049048465660085909602\RTSTRUCT_1.3.6.1.4.1.14519.5.2.1.5168.1900.258815959570427915598299301934
STS_044,1.3.6.1.4.1.14519.5.2.1.5168.1900.141913425836667824902104751633,MR,1.3.6.1.4.1.14519.5.2.1.5168.1900.164831775771577212153159002560,69,C:\sts_data\soft_tissue_sarcoma\soft_tissue_sarcoma\STS_044\1.3.6.1.4.1.14519.5.2.1.5168.1900.164831775771577212153159002560\MR_1.3.6.1.4.1.14519.5.2.1.5168.1900.141913425836667824902104751633
STS_044,1.3.6.1.4.1.14519.5.2.1.5168.1900.336259625465633962775202385530,MR,1.3.6.1.4.1.14519.5.2.1.5168.1900.164831775771577212153159002560,69,C:\sts_data\soft_tissue_sarcoma\soft_tissue_sarcoma\STS_044\1.3.6.1.4.1.14519.5.2.1.5168.1900.164831775771577212153159002560\MR_1.3.6.1.4.1.14519.5.2.1.5168.1900.336259625465633962775202385530
STS_044,1.3.6.1.4.1.14519.5.2.1.5168.1900.402327866981249804973011084872,RTSTRUCT,1.3.6.1.4.1.14519.5.2.1.5168.1900.164831775771577212153159002560,1,C:\sts_data\soft_tissue_sarcoma\soft_tissue_sarcoma\STS_044\1.3.6.1.4.1.14519.5.2.1.5168.1900.164831775771577212153159002560\RTSTRUCT_1.3.6.1.4.1.14519.5.2.1.5168.1900.402327866981249804973011084872
STS_044,1.3.6.1.4.1.14519.5.2.1.5168.1900.888099206922714347997740878924,RTSTRUCT,1.3.6.1.4.1.14519.5.2.1.5168.1900.164831775771577212153159002560,1,C:\sts_data\soft_tissue_sarcoma\soft_tissue_sarcoma\STS_044\1.3.6.1.4.1.14519.5.2.1.5168.1900.164831775771577212153159002560\RTSTRUCT_1.3.6.1.4.1.14519.5.2.1.5168.1900.888099206922714347997740878924
STS_044,1.3.6.1.4.1.14519.5.2.1.5168.1900.106642154655933094490596168714,CT,1.3.6.1.4.1.14519.5.2.1.5168.1900.453520976580007147552472251651,267,C:\sts_data\soft_tissue_sarcoma\soft_tissue_sarcoma\STS_044\1.3.6.1.4.1.14519.5.2.1.5168.1900.453520976580007147552472251651\CT_1.3.6.1.4.1.14519.5.2.1.5168.1900.106642154655933094490596168714
STS_044,1.3.6.1.4.1.14519.5.2.1.5168.1900.123344009218539755415432001805,MR,1.3.6.1.4.1.14519.5.2.1.5168.1900.453520976580007147552472251651,45,C:\sts_data\soft_tissue_sarcoma\soft_tissue_sarcoma\STS_044\1.3.6.1.4.1.14519.5.2.1.5168.1900.453520976580007147552472251651\MR_1.3.6.1.4.1.14519.5.2.1.5168.1900.123344009218539755415432001805
STS_044,1.3.6.1.4.1.14519.5.2.1.5168.1900.293302925050506187882853153236,MR,1.3.6.1.4.1.14519.5.2.1.5168.1900.453520976580007147552472251651,52,C:\sts_data\soft_tissue_sarcoma\soft_tissue_sarcoma\STS_044\1.3.6.1.4.1.14519.5.2.1.5168.1900.453520976580007147552472251651\MR_1.3.6.1.4.1.14519.5.2.1.5168.1900.293302925050506187882853153236
STS_044,1.3.6.1.4.1.14519.5.2.1.5168.1900.116766356691746541711914060577,PT,1.3.6.1.4.1.14519.5.2.1.5168.1900.453520976580007147552472251651,267,C:\sts_data\soft_tissue_sarcoma\soft_tissue_sarcoma\STS_044\1.3.6.1.4.1.14519.5.2.1.5168.1900.453520976580007147552472251651\PT_1.3.6.1.4.1.14519.5.2.1.5168.1900.116766356691746541711914060577
STS_044,1.3.6.1.4.1.14519.5.2.1.5168.1900.179326485877445385790833366019,RTSTRUCT,1.3.6.1.4.1.14519.5.2.1.5168.1900.453520976580007147552472251651,1,C:\sts_data\soft_tissue_sarcoma\soft_tissue_sarcoma\STS_044\1.3.6.1.4.1.14519.5.2.1.5168.1900.453520976580007147552472251651\RTSTRUCT_1.3.6.1.4.1.14519.5.2.1.5168.1900.179326485877445385790833366019
STS_044,1.3.6.1.4.1.14519.5.2.1.5168.1900.265302024829530060951444988680,RTSTRUCT,1.3.6.1.4.1.14519.5.2.1.5168.1900.453520976580007147552472251651,1,C:\sts_data\soft_tissue_sarcoma\soft_tissue_sarcoma\STS_044\1.3.6.1.4.1.14519.5.2.1.5168.1900.453520976580007147552472251651\RTSTRUCT_1.3.6.1.4.1.14519.5.2.1.5168.1900.265302024829530060951444988680
STS_044,1.3.6.1.4.1.14519.5.2.1.5168.1900.330043604818620269722735874209,RTSTRUCT,1.3.6.1.4.1.14519.5.2.1.5168.1900.453520976580007147552472251651,1,C:\sts_data\soft_tissue_sarcoma\soft_tissue_sarcoma\STS_044\1.3.6.1.4.1.14519.5.2.1.5168.1900.453520976580007147552472251651\RTSTRUCT_1.3.6.1.4.1.14519.5.2.1.5168.1900.330043604818620269722735874209
STS_044,1.3.6.1.4.1.14519.5.2.1.5168.1900.642794205558858200853748938219,RTSTRUCT,1.3.6.1.4.1.14519.5.2.1.5168.1900.453520976580007147552472251651,1,C:\sts_data\soft_tissue_sarcoma\soft_tissue_sarcoma\STS_044\1.3.6.1.4.1.14519.5.2.1.5168.1900.453520976580007147552472251651\RTSTRUCT_1.3.6.1.4.1.14519.5.2.1.5168.1900.642794205558858200853748938219
STS_045,1.3.6.1.4.1.14519.5.2.1.5168.1900.192450855134954778311878585179,MR,1.3.6.1.4.1.14519.5.2.1.5168.1900.138880898825684937662553234096,45,C:\sts_data\soft_tissue_sarcoma\soft_tissue_sarcoma\STS_045\1.3.6.1.4.1.14519.5.2.1.5168.1900.138880898825684937662553234096\MR_1.3.6.1.4.1.14519.5.2.1.5168.1900.192450855134954778311878585179
STS_045,1.3.6.1.4.1.14519.5.2.1.5168.1900.246858556033491753396338124091,MR,1.3.6.1.4.1.14519.5.2.1.5168.1900.138880898825684937662553234096,45,C:\sts_data\soft_tissue_sarcoma\soft_tissue_sarcoma\STS_045\1.3.6.1.4.1.14519.5.2.1.5168.1900.138880898825684937662553234096\MR_1.3.6.1.4.1.14519.5.2.1.5168.1900.246858556033491753396338124091
STS_045,1.3.6.1.4.1.14519.5.2.1.5168.1900.167020872159932243908035326373,RTSTRUCT,1.3.6.1.4.1.14519.5.2.1.5168.1900.138880898825684937662553234096,1,C:\sts_data\soft_tissue_sarcoma\soft_tissue_sarcoma\STS_045\1.3.6.1.4.1.14519.5.2.1.5168.1900.138880898825684937662553234096\RTSTRUCT_1.3.6.1.4.1.14519.5.2.1.5168.1900.167020872159932243908035326373
STS_045,1.3.6.1.4.1.14519.5.2.1.5168.1900.853545500572013015502329436203,RTSTRUCT,1.3.6.1.4.1.14519.5.2.1.5168.1900.138880898825684937662553234096,1,C:\sts_data\soft_tissue_sarcoma\soft_tissue_sarcoma\STS_045\1.3.6.1.4.1.14519.5.2.1.5168.1900.138880898825684937662553234096\RTSTRUCT_1.3.6.1.4.1.14519.5.2.1.5168.1900.853545500572013015502329436203
STS_045,1.3.6.1.4.1.14519.5.2.1.5168.1900.255802715314982515910413032074,CT,1.3.6.1.4.1.14519.5.2.1.5168.1900.884190365560171635301842723223,267,C:\sts_data\soft_tissue_sarcoma\soft_tissue_sarcoma\STS_045\1.3.6.1.4.1.14519.5.2.1.5168.1900.884190365560171635301842723223\CT_1.3.6.1.4.1.14519.5.2.1.5168.1900.255802715314982515910413032074
STS_045,1.3.6.1.4.1.14519.5.2.1.5168.1900.282701428393764933631530100392,MR,1.3.6.1.4.1.14519.5.2.1.5168.1900.884190365560171635301842723223,70,C:\sts_data\soft_tissue_sarcoma\soft_tissue_sarcoma\STS_045\1.3.6.1.4.1.14519.5.2.1.5168.1900.884190365560171635301842723223\MR_1.3.6.1.4.1.14519.5.2.1.5168.1900.282701428393764933631530100392
STS_045,1.3.6.1.4.1.14519.5.2.1.5168.1900.549724518950173278556230187948,MR,1.3.6.1.4.1.14519.5.2.1.5168.1900.884190365560171635301842723223,70,C:\sts_data\soft_tissue_sarcoma\soft_tissue_sarcoma\STS_045\1.3.6.1.4.1.14519.5.2.1.5168.1900.884190365560171635301842723223\MR_1.3.6.1.4.1.14519.5.2.1.5168.1900.549724518950173278556230187948
STS_045,1.3.6.1.4.1.14519.5.2.1.5168.1900.226344837495129111073465998042,PT,1.3.6.1.4.1.14519.5.2.1.5168.1900.884190365560171635301842723223,267,C:\sts_data\soft_tissue_sarcoma\soft_tissue_sarcoma\STS_045\1.3.6.1.4.1.14519.5.2.1.5168.1900.884190365560171635301842723223\PT_1.3.6.1.4.1.14519.5.2.1.5168.1900.226344837495129111073465998042
STS_045,1.3.6.1.4.1.14519.5.2.1.5168.1900.171564515693401295972877752263,RTSTRUCT,1.3.6.1.4.1.14519.5.2.1.5168.1900.884190365560171635301842723223,1,C:\sts_data\soft_tissue_sarcoma\soft_tissue_sarcoma\STS_045\1.3.6.1.4.1.14519.5.2.1.5168.1900.884190365560171635301842723223\RTSTRUCT_1.3.6.1.4.1.14519.5.2.1.5168.1900.171564515693401295972877752263
STS_045,1.3.6.1.4.1.14519.5.2.1.5168.1900.292980947604934297055272630762,RTSTRUCT,1.3.6.1.4.1.14519.5.2.1.5168.1900.884190365560171635301842723223,1,C:\sts_data\soft_tissue_sarcoma\soft_tissue_sarcoma\STS_045\1.3.6.1.4.1.14519.5.2.1.5168.1900.884190365560171635301842723223\RTSTRUCT_1.3.6.1.4.1.14519.5.2.1.5168.1900.292980947604934297055272630762
STS_045,1.3.6.1.4.1.14519.5.2.1.5168.1900.307668128646448777838425246470,RTSTRUCT,1.3.6.1.4.1.14519.5.2.1.5168.1900.884190365560171635301842723223,1,C:\sts_data\soft_tissue_sarcoma\soft_tissue_sarcoma\STS_045\1.3.6.1.4.1.14519.5.2.1.5168.1900.884190365560171635301842723223\RTSTRUCT_1.3.6.1.4.1.14519.5.2.1.5168.1900.307668128646448777838425246470
STS_045,1.3.6.1.4.1.14519.5.2.1.5168.1900.589858532032314606915271124698,RTSTRUCT,1.3.6.1.4.1.14519.5.2.1.5168.1900.884190365560171635301842723223,1,C:\sts_data\soft_tissue_sarcoma\soft_tissue_sarcoma\STS_045\1.3.6.1.4.1.14519.5.2.1.5168.1900.884190365560171635301842723223\RTSTRUCT_1.3.6.1.4.1.14519.5.2.1.5168.1900.589858532032314606915271124698
STS_046,1.3.6.1.4.1.14519.5.2.1.5168.1900.866412410217491992609567995590,CT,1.3.6.1.4.1.14519.5.2.1.5168.1900.116609719454223726735489642553,311,C:\sts_data\soft_tissue_sarcoma\soft_tissue_sarcoma\STS_046\1.3.6.1.4.1.14519.5.2.1.5168.1900.116609719454223726735489642553\CT_1.3.6.1.4.1.14519.5.2.1.5168.1900.866412410217491992609567995590
STS_046,1.3.6.1.4.1.14519.5.2.1.5168.1900.111160618838349393364204633512,MR,1.3.6.1.4.1.14519.5.2.1.5168.1900.116609719454223726735489642553,95,C:\sts_data\soft_tissue_sarcoma\soft_tissue_sarcoma\STS_046\1.3.6.1.4.1.14519.5.2.1.5168.1900.116609719454223726735489642553\MR_1.3.6.1.4.1.14519.5.2.1.5168.1900.111160618838349393364204633512
STS_046,1.3.6.1.4.1.14519.5.2.1.5168.1900.211002483139910704649409417991,MR,1.3.6.1.4.1.14519.5.2.1.5168.1900.116609719454223726735489642553,99,C:\sts_data\soft_tissue_sarcoma\soft_tissue_sarcoma\STS_046\1.3.6.1.4.1.14519.5.2.1.5168.1900.116609719454223726735489642553\MR_1.3.6.1.4.1.14519.5.2.1.5168.1900.211002483139910704649409417991
STS_046,1.3.6.1.4.1.14519.5.2.1.5168.1900.242403880165587352570143582706,PT,1.3.6.1.4.1.14519.5.2.1.5168.1900.116609719454223726735489642553,311,C:\sts_data\soft_tissue_sarcoma\soft_tissue_sarcoma\STS_046\1.3.6.1.4.1.14519.5.2.1.5168.1900.116609719454223726735489642553\PT_1.3.6.1.4.1.14519.5.2.1.5168.1900.242403880165587352570143582706
STS_046,1.3.6.1.4.1.14519.5.2.1.5168.1900.127816079181949669022628020970,RTSTRUCT,1.3.6.1.4.1.14519.5.2.1.5168.1900.116609719454223726735489642553,1,C:\sts_data\soft_tissue_sarcoma\soft_tissue_sarcoma\STS_046\1.3.6.1.4.1.14519.5.2.1.5168.1900.116609719454223726735489642553\RTSTRUCT_1.3.6.1.4.1.14519.5.2.1.5168.1900.127816079181949669022628020970
STS_046,1.3.6.1.4.1.14519.5.2.1.5168.1900.179691694350686264281016794544,RTSTRUCT,1.3.6.1.4.1.14519.5.2.1.5168.1900.116609719454223726735489642553,1,C:\sts_data\soft_tissue_sarcoma\soft_tissue_sarcoma\STS_046\1.3.6.1.4.1.14519.5.2.1.5168.1900.116609719454223726735489642553\RTSTRUCT_1.3.6.1.4.1.14519.5.2.1.5168.1900.179691694350686264281016794544
STS_046,1.3.6.1.4.1.14519.5.2.1.5168.1900.195324223900788295007733568805,RTSTRUCT,1.3.6.1.4.1.14519.5.2.1.5168.1900.116609719454223726735489642553,1,C:\sts_data\soft_tissue_sarcoma\soft_tissue_sarcoma\STS_046\1.3.6.1.4.1.14519.5.2.1.5168.1900.116609719454223726735489642553\RTSTRUCT_1.3.6.1.4.1.14519.5.2.1.5168.1900.195324223900788295007733568805
STS_046,1.3.6.1.4.1.14519.5.2.1.5168.1900.367947654006930941261451338075,RTSTRUCT,1.3.6.1.4.1.14519.5.2.1.5168.1900.116609719454223726735489642553,1,C:\sts_data\soft_tissue_sarcoma\soft_tissue_sarcoma\STS_046\1.3.6.1.4.1.14519.5.2.1.5168.1900.116609719454223726735489642553\RTSTRUCT_1.3.6.1.4.1.14519.5.2.1.5168.1900.367947654006930941261451338075
STS_046,1.3.6.1.4.1.14519.5.2.1.5168.1900.156322916018490451591390891883,MR,1.3.6.1.4.1.14519.5.2.1.5168.1900.282559022658939714613032627683,48,C:\sts_data\soft_tissue_sarcoma\soft_tissue_sarcoma\STS_046\1.3.6.1.4.1.14519.5.2.1.5168.1900.282559022658939714613032627683\MR_1.3.6.1.4.1.14519.5.2.1.5168.1900.156322916018490451591390891883
STS_046,1.3.6.1.4.1.14519.5.2.1.5168.1900.975987413533735768838764731616,MR,1.3.6.1.4.1.14519.5.2.1.5168.1900.282559022658939714613032627683,42,C:\sts_data\soft_tissue_sarcoma\soft_tissue_sarcoma\STS_046\1.3.6.1.4.1.14519.5.2.1.5168.1900.282559022658939714613032627683\MR_1.3.6.1.4.1.14519.5.2.1.5168.1900.975987413533735768838764731616
STS_046,1.3.6.1.4.1.14519.5.2.1.5168.1900.165333695170214394789936423574,RTSTRUCT,1.3.6.1.4.1.14519.5.2.1.5168.1900.282559022658939714613032627683,1,C:\sts_data\soft_tissue_sarcoma\soft_tissue_sarcoma\STS_046\1.3.6.1.4.1.14519.5.2.1.5168.1900.282559022658939714613032627683\RTSTRUCT_1.3.6.1.4.1.14519.5.2.1.5168.1900.165333695170214394789936423574
STS_046,1.3.6.1.4.1.14519.5.2.1.5168.1900.569379371785442888298699019535,RTSTRUCT,1.3.6.1.4.1.14519.5.2.1.5168.1900.282559022658939714613032627683,1,C:\sts_data\soft_tissue_sarcoma\soft_tissue_sarcoma\STS_046\1.3.6.1.4.1.14519.5.2.1.5168.1900.282559022658939714613032627683\RTSTRUCT_1.3.6.1.4.1.14519.5.2.1.5168.1900.569379371785442888298699019535
STS_047,1.3.6.1.4.1.14519.5.2.1.5168.1900.148008687400367873565766598771,MR,1.3.6.1.4.1.14519.5.2.1.5168.1900.207362569530299168098522293756,25,C:\sts_data\soft_tissue_sarcoma\soft_tissue_sarcoma\STS_047\1.3.6.1.4.1.14519.5.2.1.5168.1900.207362569530299168098522293756\MR_1.3.6.1.4.1.14519.5.2.1.5168.1900.148008687400367873565766598771
STS_047,1.3.6.1.4.1.14519.5.2.1.5168.1900.156381650092010537336149678835,MR,1.3.6.1.4.1.14519.5.2.1.5168.1900.207362569530299168098522293756,25,C:\sts_data\soft_tissue_sarcoma\soft_tissue_sarcoma\STS_047\1.3.6.1.4.1.14519.5.2.1.5168.1900.207362569530299168098522293756\MR_1.3.6.1.4.1.14519.5.2.1.5168.1900.156381650092010537336149678835
STS_047,1.3.6.1.4.1.14519.5.2.1.5168.1900.256802393217275523296499313119,RTSTRUCT,1.3.6.1.4.1.14519.5.2.1.5168.1900.207362569530299168098522293756,1,C:\sts_data\soft_tissue_sarcoma\soft_tissue_sarcoma\STS_047\1.3.6.1.4.1.14519.5.2.1.5168.1900.207362569530299168098522293756\RTSTRUCT_1.3.6.1.4.1.14519.5.2.1.5168.1900.256802393217275523296499313119
STS_047,1.3.6.1.4.1.14519.5.2.1.5168.1900.886177818602706779477171966085,RTSTRUCT,1.3.6.1.4.1.14519.5.2.1.5168.1900.207362569530299168098522293756,1,C:\sts_data\soft_tissue_sarcoma\soft_tissue_sarcoma\STS_047\1.3.6.1.4.1.14519.5.2.1.5168.1900.207362569530299168098522293756\RTSTRUCT_1.3.6.1.4.1.14519.5.2.1.5168.1900.886177818602706779477171966085
STS_047,1.3.6.1.4.1.14519.5.2.1.5168.1900.294113156667293063949985551175,CT,1.3.6.1.4.1.14519.5.2.1.5168.1900.320953282443832315370559826627,267,C:\sts_data\soft_tissue_sarcoma\soft_tissue_sarcoma\STS_047\1.3.6.1.4.1.14519.5.2.1.5168.1900.320953282443832315370559826627\CT_1.3.6.1.4.1.14519.5.2.1.5168.1900.294113156667293063949985551175
STS_047,1.3.6.1.4.1.14519.5.2.1.5168.1900.151488413517113797900413951742,MR,1.3.6.1.4.1.14519.5.2.1.5168.1900.320953282443832315370559826627,45,C:\sts_data\soft_tissue_sarcoma\soft_tissue_sarcoma\STS_047\1.3.6.1.4.1.14519.5.2.1.5168.1900.320953282443832315370559826627\MR_1.3.6.1.4.1.14519.5.2.1.5168.1900.151488413517113797900413951742
STS_047,1.3.6.1.4.1.14519.5.2.1.5168.1900.188676380466070621196641696309,MR,1.3.6.1.4.1.14519.5.2.1.5168.1900.320953282443832315370559826627,44,C:\sts_data\soft_tissue_sarcoma\soft_tissue_sarcoma\STS_047\1.3.6.1.4.1.14519.5.2.1.5168.1900.320953282443832315370559826627\MR_1.3.6.1.4.1.14519.5.2.1.5168.1900.188676380466070621196641696309
STS_047,1.3.6.1.4.1.14519.5.2.1.5168.1900.298705863331117046752204103772,PT,1.3.6.1.4.1.14519.5.2.1.5168.1900.320953282443832315370559826627,267,C:\sts_data\soft_tissue_sarcoma\soft_tissue_sarcoma\STS_047\1.3.6.1.4.1.14519.5.2.1.5168.1900.320953282443832315370559826627\PT_1.3.6.1.4.1.14519.5.2.1.5168.1900.298705863331117046752204103772
STS_047,1.3.6.1.4.1.14519.5.2.1.5168.1900.111249364154245006098537223904,RTSTRUCT,1.3.6.1.4.1.14519.5.2.1.5168.1900.320953282443832315370559826627,1,C:\sts_data\soft_tissue_sarcoma\soft_tissue_sarcoma\STS_047\1.3.6.1.4.1.14519.5.2.1.5168.1900.320953282443832315370559826627\RTSTRUCT_1.3.6.1.4.1.14519.5.2.1.5168.1900.111249364154245006098537223904
STS_047,1.3.6.1.4.1.14519.5.2.1.5168.1900.307944527463609677534300874828,RTSTRUCT,1.3.6.1.4.1.14519.5.2.1.5168.1900.320953282443832315370559826627,1,C:\sts_data\soft_tissue_sarcoma\soft_tissue_sarcoma\STS_047\1.3.6.1.4.1.14519.5.2.1.5168.1900.320953282443832315370559826627\RTSTRUCT_1.3.6.1.4.1.14519.5.2.1.5168.1900.307944527463609677534300874828
STS_047,1.3.6.1.4.1.14519.5.2.1.5168.1900.330597485053938227021386415679,RTSTRUCT,1.3.6.1.4.1.14519.5.2.1.5168.1900.320953282443832315370559826627,1,C:\sts_data\soft_tissue_sarcoma\soft_tissue_sarcoma\STS_047\1.3.6.1.4.1.14519.5.2.1.5168.1900.320953282443832315370559826627\RTSTRUCT_1.3.6.1.4.1.14519.5.2.1.5168.1900.330597485053938227021386415679
STS_047,1.3.6.1.4.1.14519.5.2.1.5168.1900.673762240269961493622909606049,RTSTRUCT,1.3.6.1.4.1.14519.5.2.1.5168.1900.320953282443832315370559826627,1,C:\sts_data\soft_tissue_sarcoma\soft_tissue_sarcoma\STS_047\1.3.6.1.4.1.14519.5.2.1.5168.1900.320953282443832315370559826627\RTSTRUCT_1.3.6.1.4.1.14519.5.2.1.5168.1900.673762240269961493622909606049
STS_048,1.3.6.1.4.1.14519.5.2.1.5168.1900.100810106392866374474424222764,MR,1.3.6.1.4.1.14519.5.2.1.5168.1900.144872797786633980009202939938,33,C:\sts_data\soft_tissue_sarcoma\soft_tissue_sarcoma\STS_048\1.3.6.1.4.1.14519.5.2.1.5168.1900.144872797786633980009202939938\MR_1.3.6.1.4.1.14519.5.2.1.5168.1900.100810106392866374474424222764
STS_048,1.3.6.1.4.1.14519.5.2.1.5168.1900.116696671154927334460864159471,MR,1.3.6.1.4.1.14519.5.2.1.5168.1900.144872797786633980009202939938,33,C:\sts_data\soft_tissue_sarcoma\soft_tissue_sarcoma\STS_048\1.3.6.1.4.1.14519.5.2.1.5168.1900.144872797786633980009202939938\MR_1.3.6.1.4.1.14519.5.2.1.5168.1900.116696671154927334460864159471
STS_048,1.3.6.1.4.1.14519.5.2.1.5168.1900.117194046130182922397703532939,RTSTRUCT,1.3.6.1.4.1.14519.5.2.1.5168.1900.144872797786633980009202939938,1,C:\sts_data\soft_tissue_sarcoma\soft_tissue_sarcoma\STS_048\1.3.6.1.4.1.14519.5.2.1.5168.1900.144872797786633980009202939938\RTSTRUCT_1.3.6.1.4.1.14519.5.2.1.5168.1900.117194046130182922397703532939
STS_048,1.3.6.1.4.1.14519.5.2.1.5168.1900.298957773681216975491587240897,RTSTRUCT,1.3.6.1.4.1.14519.5.2.1.5168.1900.144872797786633980009202939938,1,C:\sts_data\soft_tissue_sarcoma\soft_tissue_sarcoma\STS_048\1.3.6.1.4.1.14519.5.2.1.5168.1900.144872797786633980009202939938\RTSTRUCT_1.3.6.1.4.1.14519.5.2.1.5168.1900.298957773681216975491587240897
STS_048,1.3.6.1.4.1.14519.5.2.1.5168.1900.471801759685785628935323716012,CT,1.3.6.1.4.1.14519.5.2.1.5168.1900.276562107907645009327401794271,267,C:\sts_data\soft_tissue_sarcoma\soft_tissue_sarcoma\STS_048\1.3.6.1.4.1.14519.5.2.1.5168.1900.276562107907645009327401794271\CT_1.3.6.1.4.1.14519.5.2.1.5168.1900.471801759685785628935323716012
STS_048,1.3.6.1.4.1.14519.5.2.1.5168.1900.273030053956018332749858821444,MR,1.3.6.1.4.1.14519.5.2.1.5168.1900.276562107907645009327401794271,60,C:\sts_data\soft_tissue_sarcoma\soft_tissue_sarcoma\STS_048\1.3.6.1.4.1.14519.5.2.1.5168.1900.276562107907645009327401794271\MR_1.3.6.1.4.1.14519.5.2.1.5168.1900.273030053956018332749858821444
STS_048,1.3.6.1.4.1.14519.5.2.1.5168.1900.295807948219786416785554473669,MR,1.3.6.1.4.1.14519.5.2.1.5168.1900.276562107907645009327401794271,57,C:\sts_data\soft_tissue_sarcoma\soft_tissue_sarcoma\STS_048\1.3.6.1.4.1.14519.5.2.1.5168.1900.276562107907645009327401794271\MR_1.3.6.1.4.1.14519.5.2.1.5168.1900.295807948219786416785554473669
STS_048,1.3.6.1.4.1.14519.5.2.1.5168.1900.333646257422081475241291791549,PT,1.3.6.1.4.1.14519.5.2.1.5168.1900.276562107907645009327401794271,267,C:\sts_data\soft_tissue_sarcoma\soft_tissue_sarcoma\STS_048\1.3.6.1.4.1.14519.5.2.1.5168.1900.276562107907645009327401794271\PT_1.3.6.1.4.1.14519.5.2.1.5168.1900.333646257422081475241291791549
STS_048,1.3.6.1.4.1.14519.5.2.1.5168.1900.106235778018418287414024974006,RTSTRUCT,1.3.6.1.4.1.14519.5.2.1.5168.1900.276562107907645009327401794271,1,C:\sts_data\soft_tissue_sarcoma\soft_tissue_sarcoma\STS_048\1.3.6.1.4.1.14519.5.2.1.5168.1900.276562107907645009327401794271\RTSTRUCT_1.3.6.1.4.1.14519.5.2.1.5168.1900.106235778018418287414024974006
STS_048,1.3.6.1.4.1.14519.5.2.1.5168.1900.166255877483586080131561335868,RTSTRUCT,1.3.6.1.4.1.14519.5.2.1.5168.1900.276562107907645009327401794271,1,C:\sts_data\soft_tissue_sarcoma\soft_tissue_sarcoma\STS_048\1.3.6.1.4.1.14519.5.2.1.5168.1900.276562107907645009327401794271\RTSTRUCT_1.3.6.1.4.1.14519.5.2.1.5168.1900.166255877483586080131561335868
STS_048,1.3.6.1.4.1.14519.5.2.1.5168.1900.268236449500931274734964879015,RTSTRUCT,1.3.6.1.4.1.14519.5.2.1.5168.1900.276562107907645009327401794271,1,C:\sts_data\soft_tissue_sarcoma\soft_tissue_sarcoma\STS_048\1.3.6.1.4.1.14519.5.2.1.5168.1900.276562107907645009327401794271\RTSTRUCT_1.3.6.1.4.1.14519.5.2.1.5168.1900.268236449500931274734964879015
STS_048,1.3.6.1.4.1.14519.5.2.1.5168.1900.311100706842455393604302376193,RTSTRUCT,1.3.6.1.4.1.14519.5.2.1.5168.1900.276562107907645009327401794271,1,C:\sts_data\soft_tissue_sarcoma\soft_tissue_sarcoma\STS_048\1.3.6.1.4.1.14519.5.2.1.5168.1900.276562107907645009327401794271\RTSTRUCT_1.3.6.1.4.1.14519.5.2.1.5168.1900.311100706842455393604302376193
STS_049,1.3.6.1.4.1.14519.5.2.1.5168.1900.106714122321760501335072230537,MR,1.3.6.1.4.1.14519.5.2.1.5168.1900.139892171772667234059236415202,39,C:\sts_data\soft_tissue_sarcoma\soft_tissue_sarcoma\STS_049\1.3.6.1.4.1.14519.5.2.1.5168.1900.139892171772667234059236415202\MR_1.3.6.1.4.1.14519.5.2.1.5168.1900.106714122321760501335072230537
STS_049,1.3.6.1.4.1.14519.5.2.1.5168.1900.307548917421553313700518591655,MR,1.3.6.1.4.1.14519.5.2.1.5168.1900.139892171772667234059236415202,34,C:\sts_data\soft_tissue_sarcoma\soft_tissue_sarcoma\STS_049\1.3.6.1.4.1.14519.5.2.1.5168.1900.139892171772667234059236415202\MR_1.3.6.1.4.1.14519.5.2.1.5168.1900.307548917421553313700518591655
STS_049,1.3.6.1.4.1.14519.5.2.1.5168.1900.113230260946740501113341978199,RTSTRUCT,1.3.6.1.4.1.14519.5.2.1.5168.1900.139892171772667234059236415202,1,C:\sts_data\soft_tissue_sarcoma\soft_tissue_sarcoma\STS_049\1.3.6.1.4.1.14519.5.2.1.5168.1900.139892171772667234059236415202\RTSTRUCT_1.3.6.1.4.1.14519.5.2.1.5168.1900.113230260946740501113341978199
STS_049,1.3.6.1.4.1.14519.5.2.1.5168.1900.197513490300953410102936936171,RTSTRUCT,1.3.6.1.4.1.14519.5.2.1.5168.1900.139892171772667234059236415202,1,C:\sts_data\soft_tissue_sarcoma\soft_tissue_sarcoma\STS_049\1.3.6.1.4.1.14519.5.2.1.5168.1900.139892171772667234059236415202\RTSTRUCT_1.3.6.1.4.1.14519.5.2.1.5168.1900.197513490300953410102936936171
STS_049,1.3.6.1.4.1.14519.5.2.1.5168.1900.386262602559235766910800931996,CT,1.3.6.1.4.1.14519.5.2.1.5168.1900.153774390271662581530138159498,267,C:\sts_data\soft_tissue_sarcoma\soft_tissue_sarcoma\STS_049\1.3.6.1.4.1.14519.5.2.1.5168.1900.153774390271662581530138159498\CT_1.3.6.1.4.1.14519.5.2.1.5168.1900.386262602559235766910800931996
STS_049,1.3.6.1.4.1.14519.5.2.1.5168.1900.204800141137372653123503406905,MR,1.3.6.1.4.1.14519.5.2.1.5168.1900.153774390271662581530138159498,81,C:\sts_data\soft_tissue_sarcoma\soft_tissue_sarcoma\STS_049\1.3.6.1.4.1.14519.5.2.1.5168.1900.153774390271662581530138159498\MR_1.3.6.1.4.1.14519.5.2.1.5168.1900.204800141137372653123503406905
STS_049,1.3.6.1.4.1.14519.5.2.1.5168.1900.263563848987739533038358750818,MR,1.3.6.1.4.1.14519.5.2.1.5168.1900.153774390271662581530138159498,76,C:\sts_data\soft_tissue_sarcoma\soft_tissue_sarcoma\STS_049\1.3.6.1.4.1.14519.5.2.1.5168.1900.153774390271662581530138159498\MR_1.3.6.1.4.1.14519.5.2.1.5168.1900.263563848987739533038358750818
STS_049,1.3.6.1.4.1.14519.5.2.1.5168.1900.244272251306713654600147379344,PT,1.3.6.1.4.1.14519.5.2.1.5168.1900.153774390271662581530138159498,267,C:\sts_data\soft_tissue_sarcoma\soft_tissue_sarcoma\STS_049\1.3.6.1.4.1.14519.5.2.1.5168.1900.153774390271662581530138159498\PT_1.3.6.1.4.1.14519.5.2.1.5168.1900.244272251306713654600147379344
STS_049,1.3.6.1.4.1.14519.5.2.1.5168.1900.278596741652600498897813091011,RTSTRUCT,1.3.6.1.4.1.14519.5.2.1.5168.1900.153774390271662581530138159498,1,C:\sts_data\soft_tissue_sarcoma\soft_tissue_sarcoma\STS_049\1.3.6.1.4.1.14519.5.2.1.5168.1900.153774390271662581530138159498\RTSTRUCT_1.3.6.1.4.1.14519.5.2.1.5168.1900.278596741652600498897813091011
STS_049,1.3.6.1.4.1.14519.5.2.1.5168.1900.471187754667835674482212637310,RTSTRUCT,1.3.6.1.4.1.14519.5.2.1.5168.1900.153774390271662581530138159498,1,C:\sts_data\soft_tissue_sarcoma\soft_tissue_sarcoma\STS_049\1.3.6.1.4.1.14519.5.2.1.5168.1900.153774390271662581530138159498\RTSTRUCT_1.3.6.1.4.1.14519.5.2.1.5168.1900.471187754667835674482212637310
STS_049,1.3.6.1.4.1.14519.5.2.1.5168.1900.536795126095945637625430397281,RTSTRUCT,1.3.6.1.4.1.14519.5.2.1.5168.1900.153774390271662581530138159498,1,C:\sts_data\soft_tissue_sarcoma\soft_tissue_sarcoma\STS_049\1.3.6.1.4.1.14519.5.2.1.5168.1900.153774390271662581530138159498\RTSTRUCT_1.3.6.1.4.1.14519.5.2.1.5168.1900.536795126095945637625430397281
STS_049,1.3.6.1.4.1.14519.5.2.1.5168.1900.835611377090283774309922339747,RTSTRUCT,1.3.6.1.4.1.14519.5.2.1.5168.1900.153774390271662581530138159498,1,C:\sts_data\soft_tissue_sarcoma\soft_tissue_sarcoma\STS_049\1.3.6.1.4.1.14519.5.2.1.5168.1900.153774390271662581530138159498\RTSTRUCT_1.3.6.1.4.1.14519.5.2.1.5168.1900.835611377090283774309922339747
STS_050,1.3.6.1.4.1.14519.5.2.1.5168.1900.314874299920812136414098926497,CT,1.3.6.1.4.1.14519.5.2.1.5168.1900.201632582707993595650928804111,267,C:\sts_data\soft_tissue_sarcoma\soft_tissue_sarcoma\STS_050\1.3.6.1.4.1.14519.5.2.1.5168.1900.201632582707993595650928804111\CT_1.3.6.1.4.1.14519.5.2.1.5168.1900.314874299920812136414098926497
STS_050,1.3.6.1.4.1.14519.5.2.1.5168.1900.166122763096938002776257720054,MR,1.3.6.1.4.1.14519.5.2.1.5168.1900.201632582707993595650928804111,62,C:\sts_data\soft_tissue_sarcoma\soft_tissue_sarcoma\STS_050\1.3.6.1.4.1.14519.5.2.1.5168.1900.201632582707993595650928804111\MR_1.3.6.1.4.1.14519.5.2.1.5168.1900.166122763096938002776257720054
STS_050,1.3.6.1.4.1.14519.5.2.1.5168.1900.265746611426432924260795758130,MR,1.3.6.1.4.1.14519.5.2.1.5168.1900.201632582707993595650928804111,59,C:\sts_data\soft_tissue_sarcoma\soft_tissue_sarcoma\STS_050\1.3.6.1.4.1.14519.5.2.1.5168.1900.201632582707993595650928804111\MR_1.3.6.1.4.1.14519.5.2.1.5168.1900.265746611426432924260795758130
STS_050,1.3.6.1.4.1.14519.5.2.1.5168.1900.909344969384859645461710011340,PT,1.3.6.1.4.1.14519.5.2.1.5168.1900.201632582707993595650928804111,267,C:\sts_data\soft_tissue_sarcoma\soft_tissue_sarcoma\STS_050\1.3.6.1.4.1.14519.5.2.1.5168.1900.201632582707993595650928804111\PT_1.3.6.1.4.1.14519.5.2.1.5168.1900.909344969384859645461710011340
STS_050,1.3.6.1.4.1.14519.5.2.1.5168.1900.109225547118928954687589285484,RTSTRUCT,1.3.6.1.4.1.14519.5.2.1.5168.1900.201632582707993595650928804111,1,C:\sts_data\soft_tissue_sarcoma\soft_tissue_sarcoma\STS_050\1.3.6.1.4.1.14519.5.2.1.5168.1900.201632582707993595650928804111\RTSTRUCT_1.3.6.1.4.1.14519.5.2.1.5168.1900.109225547118928954687589285484
STS_050,1.3.6.1.4.1.14519.5.2.1.5168.1900.146776448430592099012195831735,RTSTRUCT,1.3.6.1.4.1.14519.5.2.1.5168.1900.201632582707993595650928804111,1,C:\sts_data\soft_tissue_sarcoma\soft_tissue_sarcoma\STS_050\1.3.6.1.4.1.14519.5.2.1.5168.1900.201632582707993595650928804111\RTSTRUCT_1.3.6.1.4.1.14519.5.2.1.5168.1900.146776448430592099012195831735
STS_050,1.3.6.1.4.1.14519.5.2.1.5168.1900.333553747584033832133832149283,RTSTRUCT,1.3.6.1.4.1.14519.5.2.1.5168.1900.201632582707993595650928804111,1,C:\sts_data\soft_tissue_sarcoma\soft_tissue_sarcoma\STS_050\1.3.6.1.4.1.14519.5.2.1.5168.1900.201632582707993595650928804111\RTSTRUCT_1.3.6.1.4.1.14519.5.2.1.5168.1900.333553747584033832133832149283
STS_050,1.3.6.1.4.1.14519.5.2.1.5168.1900.558687150578043305548225933195,RTSTRUCT,1.3.6.1.4.1.14519.5.2.1.5168.1900.201632582707993595650928804111,1,C:\sts_data\soft_tissue_sarcoma\soft_tissue_sarcoma\STS_050\1.3.6.1.4.1.14519.5.2.1.5168.1900.201632582707993595650928804111\RTSTRUCT_1.3.6.1.4.1.14519.5.2.1.5168.1900.558687150578043305548225933195
STS_050,1.3.6.1.4.1.14519.5.2.1.5168.1900.566651395428914683664036880461,MR,1.3.6.1.4.1.14519.5.2.1.5168.1900.381934155831118942112891377892,30,C:\sts_data\soft_tissue_sarcoma\soft_tissue_sarcoma\STS_050\1.3.6.1.4.1.14519.5.2.1.5168.1900.381934155831118942112891377892\MR_1.3.6.1.4.1.14519.5.2.1.5168.1900.566651395428914683664036880461
STS_050,1.3.6.1.4.1.14519.5.2.1.5168.1900.964355166778723647238430080651,MR,1.3.6.1.4.1.14519.5.2.1.5168.1900.381934155831118942112891377892,30,C:\sts_data\soft_tissue_sarcoma\soft_tissue_sarcoma\STS_050\1.3.6.1.4.1.14519.5.2.1.5168.1900.381934155831118942112891377892\MR_1.3.6.1.4.1.14519.5.2.1.5168.1900.964355166778723647238430080651
STS_050,1.3.6.1.4.1.14519.5.2.1.5168.1900.184866415873726383592639514342,RTSTRUCT,1.3.6.1.4.1.14519.5.2.1.5168.1900.381934155831118942112891377892,1,C:\sts_data\soft_tissue_sarcoma\soft_tissue_sarcoma\STS_050\1.3.6.1.4.1.14519.5.2.1.5168.1900.381934155831118942112891377892\RTSTRUCT_1.3.6.1.4.1.14519.5.2.1.5168.1900.184866415873726383592639514342
STS_050,1.3.6.1.4.1.14519.5.2.1.5168.1900.319991517218023960524220800654,RTSTRUCT,1.3.6.1.4.1.14519.5.2.1.5168.1900.381934155831118942112891377892,1,C:\sts_data\soft_tissue_sarcoma\soft_tissue_sarcoma\STS_050\1.3.6.1.4.1.14519.5.2.1.5168.1900.381934155831118942112891377892\RTSTRUCT_1.3.6.1.4.1.14519.5.2.1.5168.1900.319991517218023960524220800654
STS_051,1.3.6.1.4.1.14519.5.2.1.5168.1900.149458915691031472499901590143,MR,1.3.6.1.4.1.14519.5.2.1.5168.1900.131104785401186633385777573575,48,C:\sts_data\soft_tissue_sarcoma\soft_tissue_sarcoma\STS_051\1.3.6.1.4.1.14519.5.2.1.5168.1900.131104785401186633385777573575\MR_1.3.6.1.4.1.14519.5.2.1.5168.1900.149458915691031472499901590143
STS_051,1.3.6.1.4.1.14519.5.2.1.5168.1900.292858446636552191351331058403,MR,1.3.6.1.4.1.14519.5.2.1.5168.1900.131104785401186633385777573575,48,C:\sts_data\soft_tissue_sarcoma\soft_tissue_sarcoma\STS_051\1.3.6.1.4.1.14519.5.2.1.5168.1900.131104785401186633385777573575\MR_1.3.6.1.4.1.14519.5.2.1.5168.1900.292858446636552191351331058403
STS_051,1.3.6.1.4.1.14519.5.2.1.5168.1900.107207508886486521380055246030,RTSTRUCT,1.3.6.1.4.1.14519.5.2.1.5168.1900.131104785401186633385777573575,1,C:\sts_data\soft_tissue_sarcoma\soft_tissue_sarcoma\STS_051\1.3.6.1.4.1.14519.5.2.1.5168.1900.131104785401186633385777573575\RTSTRUCT_1.3.6.1.4.1.14519.5.2.1.5168.1900.107207508886486521380055246030
STS_051,1.3.6.1.4.1.14519.5.2.1.5168.1900.329170663834628173461077369570,RTSTRUCT,1.3.6.1.4.1.14519.5.2.1.5168.1900.131104785401186633385777573575,1,C:\sts_data\soft_tissue_sarcoma\soft_tissue_sarcoma\STS_051\1.3.6.1.4.1.14519.5.2.1.5168.1900.131104785401186633385777573575\RTSTRUCT_1.3.6.1.4.1.14519.5.2.1.5168.1900.329170663834628173461077369570
STS_051,1.3.6.1.4.1.14519.5.2.1.5168.1900.186653801311189416337649712538,CT,1.3.6.1.4.1.14519.5.2.1.5168.1900.133896917491638871391974813493,267,C:\sts_data\soft_tissue_sarcoma\soft_tissue_sarcoma\STS_051\1.3.6.1.4.1.14519.5.2.1.5168.1900.133896917491638871391974813493\CT_1.3.6.1.4.1.14519.5.2.1.5168.1900.186653801311189416337649712538
STS_051,1.3.6.1.4.1.14519.5.2.1.5168.1900.467626364736687022472972303077,MR,1.3.6.1.4.1.14519.5.2.1.5168.1900.133896917491638871391974813493,50,C:\sts_data\soft_tissue_sarcoma\soft_tissue_sarcoma\STS_051\1.3.6.1.4.1.14519.5.2.1.5168.1900.133896917491638871391974813493\MR_1.3.6.1.4.1.14519.5.2.1.5168.1900.467626364736687022472972303077
STS_051,1.3.6.1.4.1.14519.5.2.1.5168.1900.622221396780136728749998992079,MR,1.3.6.1.4.1.14519.5.2.1.5168.1900.133896917491638871391974813493,52,C:\sts_data\soft_tissue_sarcoma\soft_tissue_sarcoma\STS_051\1.3.6.1.4.1.14519.5.2.1.5168.1900.133896917491638871391974813493\MR_1.3.6.1.4.1.14519.5.2.1.5168.1900.622221396780136728749998992079
STS_051,1.3.6.1.4.1.14519.5.2.1.5168.1900.554605696768685363144521706533,PT,1.3.6.1.4.1.14519.5.2.1.5168.1900.133896917491638871391974813493,267,C:\sts_data\soft_tissue_sarcoma\soft_tissue_sarcoma\STS_051\1.3.6.1.4.1.14519.5.2.1.5168.1900.133896917491638871391974813493\PT_1.3.6.1.4.1.14519.5.2.1.5168.1900.554605696768685363144521706533
STS_051,1.3.6.1.4.1.14519.5.2.1.5168.1900.197764362356978699930922578274,RTSTRUCT,1.3.6.1.4.1.14519.5.2.1.5168.1900.133896917491638871391974813493,1,C:\sts_data\soft_tissue_sarcoma\soft_tissue_sarcoma\STS_051\1.3.6.1.4.1.14519.5.2.1.5168.1900.133896917491638871391974813493\RTSTRUCT_1.3.6.1.4.1.14519.5.2.1.5168.1900.197764362356978699930922578274
STS_051,1.3.6.1.4.1.14519.5.2.1.5168.1900.214792212038579547867739564292,RTSTRUCT,1.3.6.1.4.1.14519.5.2.1.5168.1900.133896917491638871391974813493,1,C:\sts_data\soft_tissue_sarcoma\soft_tissue_sarcoma\STS_051\1.3.6.1.4.1.14519.5.2.1.5168.1900.133896917491638871391974813493\RTSTRUCT_1.3.6.1.4.1.14519.5.2.1.5168.1900.214792212038579547867739564292
STS_051,1.3.6.1.4.1.14519.5.2.1.5168.1900.232243253555988188299606341437,RTSTRUCT,1.3.6.1.4.1.14519.5.2.1.5168.1900.133896917491638871391974813493,1,C:\sts_data\soft_tissue_sarcoma\soft_tissue_sarcoma\STS_051\1.3.6.1.4.1.14519.5.2.1.5168.1900.133896917491638871391974813493\RTSTRUCT_1.3.6.1.4.1.14519.5.2.1.5168.1900.232243253555988188299606341437
STS_051,1.3.6.1.4.1.14519.5.2.1.5168.1900.259215494649733895898585908811,RTSTRUCT,1.3.6.1.4.1.14519.5.2.1.5168.1900.133896917491638871391974813493,1,C:\sts_data\soft_tissue_sarcoma\soft_tissue_sarcoma\STS_051\1.3.6.1.4.1.14519.5.2.1.5168.1900.133896917491638871391974813493\RTSTRUCT_1.3.6.1.4.1.14519.5.2.1.5168.1900.259215494649733895898585908811
